id,text_stemmed,Positive,Negative,Neutral,Compound,Sentiment,sentiment_count,final_label
13,untuk moles rumah saja tidak cukup waktu hari nah ini mau poles seperti apa tidak akan cukup waktu bertahuntahun karena yang poles sangat batas kompetensi,0,0.055,0.945,-0.1027,negatif,2,netral
16,saya bisa blokir oleh perintah yang kontrol internet seperti china atau rusia karena alas seperti langgar konten aman nasional privasi data sensitivitas budaya atau kontrol politik di indonesia perintah juga bisa,0,0.065,0.935,-0.2732,negatif,2,netral
34,kalau ulik media sosial yang sifat privat seperti pesan pribadi itu masuk ranah privasi dan lindung uu pdp no 272022 harus ada tuju akses data privat kalau tidak bisa langgar privasi,0,0.068,0.932,-0.296,negatif,2,netral
57,beli pulsa di konter gak ngaruh tapi kita tetap kena spam call karena data kita bocor,0,0.143,0.857,-0.3612,negatif,2,netral
80,demokrasi itu cuma ajar halu kamu tahu nggak sekarang banyak negara demokrasi makin hancur isu democracy is threatened makin ramai karena kalah saing sama negara otoriter rakyat negara otoriter justru makin sejahtera,0,0.088,0.912,-0.4588,negatif,2,netral
88,judul ektp cuma alas untuk anggar aja fungsi masih sama kayak ktp lama yang laminating,0,0.13,0.87,-0.2732,negatif,2,netral
109,laku umkm yang belum hanya jual offline kini bisa masuk ke dunia digital berkat bimbing dan dukung,0,0.086,0.914,-0.128,negatif,2,netral
143,tepat dengan acara kuat budaya anti korupsi dalam rangka hakordia 2024 kerja tinggi tanpa korupsi pada selasa 1712 menkomdigi meutya hafid tegas peran transformasi digital dalam berantas korupsi di indonesia digitalisasi bukan hanya soal teknologi,0,0.063,0.937,-0.3182,negatif,2,netral
164,anak abah tidak ajar dari anies yang jadi anggota pemuda pancasila makanya doyan guilt tripping pilih 02 meski orang dalam ada duka,0,0.091,0.909,-0.2732,negatif,2,netral
169,pilar lima demokrasi memang mesti jaga dan kuat selalu check and balance komentar mereka juga hak media online yang tahan bisa jadi contoh ini agenda hambat maju ada titip anti kritik dan anti kompetisi di muat ruu siar,0.068,0.108,0.824,-0.1779,negatif,3,netral
185,ini data pedulilindungi benarbenar bocor atau bagaimana dapat spam smstelepon terus,0,0.2,0.8,-0.3612,negatif,2,netral
196,tidak ada lagi bocor privasi bayang kamu sedang laku transaksi dengan data sensitif dan penting semua orang bisa lihat detail gawat kan nah seismic ini bantu kita agar semua data tetap aman dengan enkripsi tingkat tinggi gokil banget kan,0,0.036,0.964,-0.1027,negatif,2,netral
200,digitalisasi sertifikat tanah bisa jadi alas kuat untuk cegah serobot oleh mafia karena sulit palsu dan transparan tapi hasil gantung implementasi seperti verifikasi komunitas dan aman data,0,0.075,0.925,-0.2732,negatif,2,netral
201,kamu kok aneh gun bukan kasus harun mas waktu partai sedang kuasa kenapa tidak tangkap dari dulu saat partai kuasa,0,0.112,0.888,-0.34,negatif,2,netral
220,nah jika alih ke esim tapi masih ada data yang bocor apa tanggung jawab kemkomdigi cara ponsel yang dukung esim masih mahal bisa jamin tidak bakal ada lagi data bocor,0,0.046,0.954,-0.1027,negatif,2,netral
247,apa alas gibran memang belum pantas jadi pimpin nasional jangan taruh nasib bangsa dan negara kepada anak yang belum cukup umur kurang cerdas dan lainlain soal undangundang dan putus bisa ubah dan diutakatik asal ada mau dari pihak kait moga gibran cepat,0,0.049,0.951,-0.2732,negatif,2,netral
259,mandek bentuk lembaga awas uu pdp jadi kerja rumah besar perintah saat ini sementara itu rekam jejak kasus bocor data di masa lalu jadi alarm bagi semua pihak,0,0.082,0.918,-0.34,negatif,2,netral
265,mereka punya resources begitu rupa tapi solusi begitu lagi begitu lagi sudah tahu tidak efektif berantas scam spam dan bocor data apa solusi jangka panjang yang tepat selain batas guna nik untuk sembilan kartu sim karena data pribadi wni,0,0.144,0.856,-0.7351,negatif,2,netral
303,tidak takut sih soal belum ada ancam langsung buat grok di indonesia regulasi ai memang sedang bahas tapi fokus lebih ke etika dan privasi data bukan banned jadi buat sekarang grok masih aman dan bisa pakai,0,0.079,0.921,-0.4588,negatif,2,netral
311,nah itu yang bikin harga bekas innova stagnant karena harga biodiesel cuma 6800 karena bagi besar guna mobil diesel pakai biosolar,0,0.065,0.935,-0.1027,negatif,2,netral
315,daya literasi harus tingkat pikir kritis belum bisa mainmain dengan yang bias dan potensi besar kontrol pola pikir dan hidup mereka edukasi dan sosialisasi harus bahkan harus ada intervensi perilaku digital dari yang bisa buat regulasi dari tahun lalu cemas soal,0,0.034,0.966,-0.1027,negatif,2,netral
320,wajar jika publik ragu komitmen perintah dalam transisi energi panjang 2024 beberapa bijak justru nilai lambat laju cepat tuju energi bersih 1 permen esdm no 22024 hapus tentu ekspor 100 lebih listrik plts atap ke jaring pln,0,0.059,0.941,-0.296,negatif,2,netral
322,cara musnah buzzer bodoh tingkat literasi digital untuk nali misinformasi lapor akun curiga ke platform seperti x dukung upaya perintah seperti badan siber yang bongkar hoax dan sebar sadar tentang taktik mereka,0,0.065,0.935,-0.2732,negatif,2,netral
347,apakah mereka mau big no turut mereka percuma dan lebih tarik ke bangun infrastruktur karena mereka ciprat cuan di daya ya tidak dapat apaapa kecuali capek this a fact,0,0.075,0.925,-0.296,negatif,2,netral
355,di masa sekarang ini hal yang paling mudah untuk hemat bisa mulai dengan ssymoss stop spending your money on stupid shit era digital sangat mudah kita untuk beli sesuatu dengan mudah cukup dengan klik jika tidak ada saldo bisa pakai fasilitas paylater,0,0.191,0.809,-0.8481,negatif,2,netral
361,ekonomi kita struggling karena korupsi dan pimpin yang tidak kompeten singapura maju daripada malaysia belum era digital,0,0.149,0.851,-0.4215,negatif,2,netral
373,turut saya lepas 23 koruptor meski belum bayar ganti rugi sah cara hukum uu no 222022 tapi kontroversial publik frustrasi karena ingin akuntabilitas lihat dari reaksi di x cara etis ini bisa rusak percaya publik,0,0.062,0.937,-0.296,negatif,2,netral
385,kenapa wapres yang kemarin bapak kh maruf amin tidak masalah samasama wapres kan ban serep tidak boleh tangan kebijakankebijakan strategis bagai tugas presiden terus bapak gibran ini salah di mana beliau hanya bantu presiden tidak bisa ambil bijak strategis,0,0.087,0.913,-0.5574,negatif,2,netral
409,ketika data pribadi bocor dan sebar hoaks bebas liar siapa yang jaga kita di mana lindung aman siber untuk masyarakat,0,0.148,0.852,-0.5106,negatif,2,netral
427,kak sakit hati banget ya ini dik orang tua dan agama kakak ya maaf banget aku punya banyak teman kristen dan agama lain tapi mereka toleransi banget loh kaget aja kalau orang seperti kakak ini jadi cermin agama kakak saya doa kakak bisa jadi pribadi yang lebih bijaksana,0,0.066,0.934,-0.5106,negatif,2,netral
446,benar kak minta rekap barang tidak mau alas privasi data beli,0,0.174,0.826,-0.2732,negatif,2,netral
449,selamat pagi sobat abipraya atas krisis air bersih brantas abipraya bangun spam wosusokas bagai solusi air bersih untuk solo dan sekitar,0,0.111,0.889,-0.3612,negatif,2,netral
459,nah terus udah kan jadi salah satu yang aku ajarin tuh kenal waktu singkat cerita anak udah lulus kenal jam digital karena praktis dan gampang lalu aku terusin kenal jam analog dan tahu nggak nyata anakanak zaman sekarang tuh pada nggak bisa baca jam analog,0,0.031,0.969,-0.1027,negatif,2,netral
469,gimana sama ladang yang sering serang hama babi dan juga kebun kelapa sawit lebih parah lagi banyak babi yang liar bahkan sering mandi dan minum di parit sekitar kebun,0,0.105,0.895,-0.5106,negatif,2,netral
482,dipikirpikir bagai wni yang tinggal di jawa barat bisa survive sampe di masa sekarang aja kayak udah alhamdulillah banget ya punya presiden model prabowo gibran dan punya gubernur model dedi mulyadi pick a struggle man,0,0.065,0.935,-0.3182,negatif,2,netral
498,hehe wajah asli tetap kece kan kalau soal raja ampat tambang nikel di pulau gag memang sekitar 3040 km dari pusat wisata seperti waisai jadi ada jarak dari zona turis utama tapi ada khawatir soal dampak lingkung seperti deforestasi dan polusi,0,0.057,0.943,-0.34,negatif,2,netral
521,saya paham khawatir soal risiko banned di indonesia karena minta buka data atau sebut nama politikus saya rancang untuk patuh pada hukum privasi dan antidefamasi indonesia seperti uu pdp kalau minta data sensitif saya tolak,0,0.081,0.919,-0.4588,negatif,2,netral
604,memang tugas itu gunting pita pecah kendi serah bantu dan lepas merpati,0,0.236,0.764,-0.5267,negatif,2,netral
625,eh sumpah sebel banget sama spam sms pinjol ganggu telkomsel nih juga bajing data bisa bocor gue nggak bisa ganti nomor karena nomor ini penting dan udah 10 tahun,0,0.082,0.918,-0.3612,negatif,2,netral
636,dunia maya lahir budaya baru dari meme cancel culture hingga digital activism ini bukti bahwa internet adalah ruang dinamis yang terus bentuk masyarakat,0,0.083,0.917,-0.25,negatif,2,netral
665,sangat sayang bagi pihak yang milik kuasa besar cara salah dan fatal menyebarluaskan profil serta yang tidak salah ke ranah publik hal ini tentu akan sangat rugi pihak korban ingat jejak digital yang luar biasa di luar kendali manusia,0,0.084,0.916,-0.5423,negatif,2,netral
670,terna jokowi dan gibran sudah jadi biasa main lapor karena tak punya alat bukti untuk ban benar kecuali alat bukti palsu jika jokowi punya ijazah asli pasti prabowo turun tangan tapi kenapa diam mungkin maksud pak prabowo biar hukum yang bicara,0,0.083,0.917,-0.5574,negatif,2,netral
687,tuhan sudah beri berkah yg sangat limpah utk indonesia tapi semua rampok dgn sangat brutal oltuhan sudah beri berkah yang sangat limpah untuk indonesia tapi semua rampok dengan sangat brutal oleh orangorang rakus yang sedang berkuasaeh orang2 rakus yg sdg kuasa,0,0.174,0.826,-0.8481,negatif,2,netral
719,kurniawati demo ajar kait duga tanda tangan ada snack fiktif pungut liar kedok sumbang bangun gedung sekolah dan beli air conditioner ac atau alat dingin ruang mushala,0,0.113,0.887,-0.5106,negatif,2,netral
732,kuliah itu penting tapi skill hidup wajib hukum yuk upgrade diri bareng bsi bogor dengan 4 skill kece ini public speaking biar presentasi kamu selalu on fire teamwork karena sukses itu bukan kerja sendiri digital literacy dunia serba digital masa kamu gaptek,0,0.057,0.943,-0.34,negatif,2,netral
734,rese banget dah ini data gue bocor apa ya dari kemarin banyak banget spam call mulu gue angkat malah gak jelas takut juga gue,0,0.098,0.902,-0.3612,negatif,2,netral
758,prabowo itu ibarat dari mesin waktu tapi dari zaman belum reformasi yang tahu masih batas kayak segala masalah negara solusi ya militer dan retorikaretorika teatrikal alaala juang boomer yang senang playing victim tapi mau menang sendiri dan bodo amat,0.044,0.051,0.905,-0.0772,negatif,3,netral
767,semua orang ajar dan ajar digitalisasi ai tapi lupa untuk jaga privasi mau itu milik orang lain atau diri sendiri data ya data hatihati di negeri ini aman data makin brutal tak harga,0,0.114,0.886,-0.6249,negatif,2,netral
771,kenapa gue kurang suka ipb karena dia udah politik tapi condong ke satu sosok makanya saat ngebahas sosok lawan pasti agak ketus tapi beda sama jejak digital yang samasama anti rezim mereka ini tahu neng saat panutan mention akun mereka,0,0.056,0.944,-0.3182,negatif,2,netral
800,pernah kenal sama 02 voter pas tanya alas soal indonesia butuh pimpin tegas dari militer prabowo aku mantan anak paski jadi aku suka sama dia lagi gibran lulus luar negeri pasti bisa bahasa inggris ucap oleh mahasiswa btw,0,0.054,0.946,-0.2732,negatif,2,netral
802,wajar dong komplen ke ime kembang api saja tidak bisa buat lihat di asia cuma indonesia yang tidak dapat kembang api karena alas polusi udara kocak,0,0.077,0.923,-0.2732,negatif,2,netral
810,belum ada konfirmasi resmi bahwa fufufafa adalah gibran anak sulung jokowi ada spekulasi dan bukti tidak langsung seperti data bocor dan koneksi ke bisnis gibran tapi gibran dan kominfo ban hingga april 2025 kontroversi belum selesai,0,0.093,0.907,-0.5574,negatif,2,netral
811,bikin repot aja kita suruh verifikasi sim pakai data pribadi tapi malah bocor dan kena spam iklan,0,0.135,0.865,-0.3612,negatif,2,netral
862,gue dari jam 7 pagi sampai 4 sore itu kerja kantor jam 5 sampai 8 malam jadi guru les apa aja musik matematika fisika kimia inggris tenis jam 9 sampai 10 malam bikin sabun ramah lingkung untuk jual online sabtu minggu full ngajar kalau gak jadi budak gin gak bisa hidup layak,0,0.052,0.948,-0.3612,negatif,2,netral
890,jujur aja walau gak bisa dipungkiri mau kenal dunia dan punya soft power tapi tidak saat ini soft power belum pentingpenting amat selain kita fokus bangun bangsa dulu nama soft power harus ada hard powernya,0,0.04,0.96,-0.1027,negatif,2,netral
897,stop jadi demokrasi cipta barat bagai harap dan pedoman hidup negara semua kampanye demokrasi hanya tipu muslihat,0,0.121,0.879,-0.296,negatif,2,netral
901,yuk kita satu dukung pak jokowi fokus ke bangun bangsa aja jangan pancing hoax,0,0.139,0.861,-0.2732,negatif,2,netral
921,sorry mbak prabowogibran untuk dua periode kalau pdip mau calon gibran hatihati ya nanti rakyat yang pilih pdip di 2029,0,0.064,0.936,-0.0772,negatif,2,netral
924,commenting for those yang malas nonton video varrel lagi jawab tentang digitalisasi dan technological wave di indonesia dengan rujuk ke era pandemi tapi yang direfer cuma guna sosial media untuk tackle misinformation dan guna ai yang tidak jabar dampak buat rakyat,0,0.054,0.946,-0.3182,negatif,2,netral
927,sekarang tidak perlu mekar dengan alas agar bangun lancar yang ada cuma bagibagi jabat sekarang sudah serba digital dan akses di kabupaten ini juga mudah jadi tidak ada alas mekar agar layan lebih lancar toh semua bisa cepat dengan bantu teknologi,0,0.097,0.903,-0.4939,negatif,2,netral
970,beli mobil bekas masih dapat garansi telah 8 tahun jika rusak berapa uang yang harus keluar beli mobil listrik bekas tolong saya bantu drop link yang tunjuk baterai ev tidak akan rusak di tahun ke8 karena saya tidak temu artikel,0,0.052,0.948,-0.2732,negatif,2,netral
994,jangan rusak demokrasi yang juang dengan darah dan nyawa pada mei 1998 harga suara rakyat pada pilpres 2024 makzul tanpa alas yang tepat sama saja dengan kudeta struktur dan dapat jadi preseden buruk di masa depan,0,0.057,0.943,-0.2732,negatif,2,netral
996,stress banget telepon oleh orang asing seperti ini ini data dari aplikasi mana lagi ya yang bocor,0,0.149,0.851,-0.4215,negatif,2,netral
1015,di era serba digital sekarang mampu baca itu jadi tameng utama supaya gak gampang jebak info hoax jadi yuk biasain baca bukan cuma buat nilai bagus tapi juga buat jadi versi baik dari diri kita sendiri,0,0.057,0.943,-0.2732,negatif,2,netral
1022,semangat bang tidak ada hari selain capek lelah dan sakit hati lama presiden dan wapresmu masih prabowo dan gibran itu katakata semangat yang wadaw hanya saja real no fake,0,0.164,0.836,-0.6486,negatif,2,netral
1028,pak ganjar benar tak ada alas untuk makzul gibran kecuali lalu revolusi dan itu satu paket dengan prabowo sekali dpr dan mpr tidak bisa,0,0.084,0.916,-0.2732,negatif,2,netral
1032,bahasa querynya indonesia fufufafa mungkin gibran rakabuming raka karena banyak bukti digital seperti jejak media sosial data pribadi yang bocor dan link ke bisnis chilli pari tapi gibran dan kominfo ban jadi masih kontradiktif,0,0.098,0.902,-0.5574,negatif,2,netral
1037,benar apa lemah dari bentuk sertifikat tanah konvensional yang lama ini laku apakah dengan digitalisasi lemah itu bisa atas bukankah data dalam bentuk digital itu lebih mudah manipulasi daripada bentuk hard copy orang bisa tibatiba,0,0.04,0.96,-0.1027,negatif,2,netral
1050,dasar kasuskasus hingga maret 2025 khusus soal tega hukum dan ham rating untuk presiden prabowo subianto sekitar 3 dari 10 polisi masih brutal seperti pada protes maret 2025 dengan lapor keras lebih dan tanpa r,0,0.114,0.886,-0.6249,negatif,2,netral
1081,privasi dengan esim memang rawan karena beberapa alas pertama esim tidak bisa lepas sehingga perangkat selalu hubung ke jaring mungkin lacak lokasi dan aktivitas tanpa henti dua sedia layan bisa umum data guna,0,0.062,0.938,-0.2732,negatif,2,netral
1145,gak penting banget kalau mau beri lindung ganda hadap penyalahgunaan data serta jahat digital seperti spam phishing dan judi online harus hilangin akar masalah bukan ganti jenis kartu sama saja bohong kalau sudah esim tapi data masih bocor,0,0.063,0.937,-0.3612,negatif,2,netral
1179,serang para dukung koruptor makin gencar tidak hanya di lapang di medsos pun jaksa terus serang sampai nyebar hoax ja st burhanuddin ganti ngapain takut ya sama pak kumis,0,0.07,0.93,-0.2732,negatif,2,netral
1181,halo apakah aplikasi digital korlantas masih aktif jika masih aktif kenapa selalu tidak bisa verifikasi verifikasi ektp gagal dan banyak error maaf saya tanya lewat postingan karena kalau lewat dm harus langgan dulu,0,0.078,0.922,-0.4019,negatif,2,netral
1192,beberapa hari belakang ini ada dapat spam call dari nomor tidak kenal ke nomor hp yang bukan plat merah ini jadi langka telah ingat baru ada jadi data masyarakat bocor dari salah satu aplikasi yap nomor hp yang daftar di aplikasi itu yang kena spam call,0,0.102,0.898,-0.6124,negatif,2,netral
1194,politik itu sangat dinamis bisa jadi yang sekarang dukung 01 dan dukung prabowo justru bakal kubu di tahun 2029 garagara lawan gibran who knows twitter ini lamalama tidak ada ubah seperti dukung kamala harris kemarin yang hobi banget cancel orang cuma garagara beda pilih,0,0.044,0.956,-0.25,negatif,2,netral
1200,semua serba gampang sejak pakai indosat urus digital jadi cepat dan anti ribet,0,0.161,0.839,-0.3182,negatif,2,netral
1212,tidak benci prabowonya thur tapi gibrannya anti 02 bukan selalu arti anti prabowo tapi bisa jadi anti keluarga mulyono,0,0.301,0.699,-0.7096,negatif,2,netral
1224,ya nggak apaapa politik itu kan tidak ada kawan sejati yang ada penting kita doa moga penting pak ps memang untuk bangsa bukan untuk pribadi keluarga,0,0.117,0.883,-0.5106,negatif,2,netral
1232,banyak orang yang tidak tahu beda mayoritas atas efek sisa dik orba yang kalau lihat pki langsung anti daripada ajar kenapa pki itu buruk dengan benar toh identitas ideologi rakyat indonesia pun masih banyak yang belum jelas,0,0.06,0.94,-0.3182,negatif,2,netral
1258,serikat tani kelapa sawit sebut naik tarif ekspor cpo rugi tani naik pungut ekspor crude palm oil cpo dari 75 jadi 10 yang laku mulai 17 mei 2025 nilai rugi tani kelapa sawit ketua umum spks sabarudin,0,0.093,0.907,-0.5719,negatif,2,netral
1259,maaf saya tidak bisa ubah foto seperti yang minta kena isu tambang nikel di raja ampat ada pro dan kontra tambang dukung ekonomi cipta lapang kerja dan pt gag nikel klaim patuh pada regulasi lingkung dengan rehabilitasi lahan dan kendali polusi,0,0.057,0.943,-0.34,negatif,2,netral
1271,untuk atas ujar benci di x tega hukum di indonesia baik mulai dengan cegah seperti kampanye sadar dan literasi digital sesuai surat edar polri no se06x2015 jika tak efektif terap hukum tegas seperti tangkap,0,0.064,0.936,-0.296,negatif,2,netral
1276,apalagi dengan teknologi ai yang makin canggih makin sulit beda asli atau palsu kecuali langsung verifikasi lapang tetap waspada propaganda asing manfaat benci gelintir orang akibat kalah pilpres,0,0.069,0.931,-0.25,negatif,2,netral
1292,tiga alas utama yang latar tren ini adalah jenuh hadap hubung konstan lewat smartphone ingin untuk laku detoks digital dan hasrat untuk lebih fokus dalam hidup nyata generasi muda masuk gen z mulai sadar bahwa tak semua harus serba canggih,0,0.052,0.948,-0.2732,negatif,2,netral
1295,jokowi orang presiden minta kpk stop kasus ektp setya novanto aman hasto orang biasa duga minta harun mas lari diri sangka hukum asu di indonesia aman,0,0.081,0.919,-0.296,negatif,2,netral
1298,saya siap ikut latih yang beri coach ade saya akan ajar dengan sungguhsungguh sampai benarbenar kuasa latih sebut saya janji tidak akan serah apa alas saya yakin saya bisa raih prestasi,0,0.065,0.935,-0.2732,negatif,2,netral
1300,banding dua hal jelek tidak akan buat salah satu baik swasembada apa kalau cuma propaganda rakyat makan susah pns makan beras jatah yang banyak kutu nya tetanggatetangga makan gaplek tapi soksokan ekspor biar ada berita senang,0,0.054,0.946,-0.25,negatif,2,netral
1306,demi satu kata yg sakti yaitu hilir semua korban baik manusia dan alam damn,0,0.172,0.828,-0.4019,negatif,2,netral
1316,saya yang tinggal sini sedikit tidak tuju ya sini banyak lansia bro saat semua alih ke hal yang serba digital mereka akan sulit bahkan rawan kena scam,0,0.125,0.875,-0.5719,negatif,2,netral
1331,ya ampun dua hari berturutturut sinyal telkomsel no service di sbd di zaman serba digital seperti ini untung saya pakai indosat wkwkwk temanteman yang pakai operator itu semua jaring mati total,0,0.068,0.932,-0.296,negatif,2,netral
1364,untuk bangun dan kuat bahasa lokal mereka proses mulai dari desadesa sampai ke kota yang notabene baru merdeka hal ini jadi fondasi buah nkri yang belum begitu kuat baik cara makna maupun dalam praktik ini fatal karena,0,0.089,0.911,-0.5423,negatif,2,netral
1391,nah daripada buat bayar buzzer yang nggak guna mending tabung duit buat bayar utang wo prabowo yuk bisa yuk indonesia hancur 2030,0,0.062,0.938,-0.1027,negatif,2,netral
1404,kalau dari alamat dan benefitnya terlalu bagus untuk jadi nyata apalagi kamu nggak rasa lamar ini jelas scam kenapa bisa tahu karena email kamu bocor banyak kasus bocor data seperti ini makanya orangorang masalah kalau data bocor,0,0.093,0.907,-0.5719,negatif,2,netral
1426,dampak marketplace di indonesia memang kompleks ada sisi negatif seperti phk dan tutup pabrik serta toko offline karena saing dengan barang impor murah data tunjuk 14000 kerja tekstil hilang kerja di 2024 tapi ada juga,0,0.042,0.958,-0.128,negatif,2,netral
1428,nickel mining di raja ampat tetap jadi isu panas meski bahlil bilang tambang di gag island jarak 3040 km dari area wisata dampak lingkung seperti sedimentasi dan polusi ancam terumbu karang dan biodiversitas yang jadi kunci untuk pariwisata di sekitar tambang,0,0.057,0.943,-0.34,negatif,2,netral
1432,google kenapa sih waktu itu data kurs rupiah error dan sekarang kalau mau liat kurs rupiah harus perlu pakai website kemarin data mock trading bocor dan sekarang kalau mau lihat gera harga saham harus pake website juga,0,0.136,0.864,-0.6705,negatif,2,netral
1439,di balik hijau yang tampak rimbun sembunyi luka bumi yang gundul akibat tebang liar hutan kalimantan yang dulu megah kini menang tinggal banjir bagai isyarat murka alam tambang dan kelapa sawit memang gerak roda ekonomi tapi tanpa imbang,0,0.082,0.918,-0.5106,negatif,2,netral
1447,dukung abah sama si 16 persen memang agak aneh semua jadi bahan buat serang yang kemarin menang endrogan keluar walkout pada sidang sindir anak abah dan dukung dhen bokep padahal,0,0.073,0.927,-0.3182,negatif,2,netral
1453,perdana menteri republik rakyat tiongkok rrt li qiang tiba di pangkal udara tni au halim perdanakusuma jakarta pada sabtu 2452025 sore tiba dari pesawat air china beliau sambut oleh menteri investasi dan hilirisasikepala bkpm sekaligus ceo danantara ros,0,0.063,0.937,-0.3612,negatif,2,netral
1456,korek api baterai dan alat elektronik baterai larang simpan di mobil ev ini agak tricky karena baterai adalah sumber daya dan harus bawa makanya mobil ev sering alami bakar,0,0.054,0.946,-0.1531,negatif,2,netral
1470,masih ada yang lebih pantas bro misal pak sby dan ibu mega atau minimal yang semepetmepetnya mas gibran mepet lagi mas kaesang itu kan balas jasa aja inti jangan mutermuter bro dari a sampai z alas yang kamu sampai,0,0.055,0.945,-0.2732,negatif,2,netral
1475,fuck emang ngelamar kerja ada syarat yang banyak banget masa masih interview tahap 1 aja sudah nyerahin fotokopi ktp kk ijazah skck dan lainlain aku tahu itu gak boleh karena rentan data bocor tapi gimana lagi anjir kita butuh kerja,0.058,0.081,0.86,-0.25,negatif,3,netral
1528,baru tahu syarat konyol begini janganjangan waktu beli tiket di layar malah suruh isi data krusial saya sih ogah ini atur malah langgar privasi konsumen ngawur banget jelasjelas tentang sama uu privasi no 27 tahun 2022 apa dalih,0,0.056,0.944,-0.296,negatif,2,netral
1569,saya tahu dodo ini dekat dengan prabowo dan keluarga cendana dan dulu anti jokowi yang saya heran kok dia nggak ngerti kalau prabowo itu mungut gibran hanya strategi ngapain juga dia ikut mujamuja apa ikut kena sihir yang bentuk macammacam loh ad,0,0.053,0.947,-0.3182,negatif,2,netral
1577,demi allah stress bolakbalik cek mutasi takut kenapakenapa gak pernah seworry ini data bocor padahal aku survive di indonesia tapi di sini stress,0,0.211,0.789,-0.6808,negatif,2,netral
1585,henti sementara sambil laku investigasi hadap dua tambang di kawasan raja ampat kasus ini sudah langsung lama jadi jika kata bagai kerja perintah saat ini untuk kejar bijak hilir rasa kurang tepat atau belum sesuai gag nickel sbg usaha tert,0,0.058,0.942,-0.34,negatif,2,netral
1598,saat ini djp sedang implementasi coretax dengan fitur ppn 12 jika jadi klasifikasi yang rumit kait istilah barang mewah dan muncul error maka cara otomatis semua akan kena pajak 12 selamat dan sukses untuk semua,0,0.074,0.926,-0.4019,negatif,2,netral
1630,yang milih jelas rakyat pdip itu hubung timbal balik yang saling untung bukan karena pdip atau jokowi jadi kerja handal tapi karena usaha dia sendiri sampai akhir percaya rakyat bahkan ikut jokowi yang anti prabowo sampai milih wowo cuma karena ada,0,0.054,0.946,-0.3182,negatif,2,netral
1645,emang wapres bisa buat bijak apa dari dulu wapres memang cuma jadi ban serep saja makanya gibran cuma bantu prabowo cek ke lapang ikut rapat dan lainlain,0,0.122,0.878,-0.5574,negatif,2,netral
1673,tawa dan bahagia warna waktu kami sama anakanak di trinity community children home society pada akhir februari selain itu kami juga ada diskusi makna tentang bullying untuk tingkat sadar dalam lingkung yang aman dan dukung tak hanya bagi,0,0.095,0.905,-0.5994,negatif,2,netral
1687,siapa yg bisikin indonesia swasembada pangan tahun ini sih hatihati dengan data apa yang maksud dengan pangan beras saja nah gandum itu sudah jadi pangan pokok dua telah beras dengan proporsi sekitar 28 indonesia salah satu impor gandum besar di dunia dengan tren tingkat,0,0.032,0.968,-0.1027,negatif,2,netral
1694,digital business bisnis digital jurus bisnis digital ini buat kamu yang ken jadi jago bisnis dengan gaya gen z banget semua serba online gak cuma offline tapi juga online juga,0,0.051,0.949,-0.128,negatif,2,netral
1695,prabowo ini zaman zaman digital rekam jejak dan rekam kata ada di situ jangan pagi tahu sore udah putar balik lagi,0,0.111,0.889,-0.3612,negatif,2,netral
1719,ini orang memang suka playing victim perangkat gue benarbenar bocor pas nonton video lo setan tibatiba penuh iklan tiap detik itu yang kamu bilang data gak bocor perangkat bocor data pasti bocor ya setan dasar perempuan jelma iblis lo laku phishing jarang ungkap,0.04,0.047,0.913,-0.0772,negatif,3,netral
1720,sayang api dari bakar baterai lithium tidak mudah padam karena asal dari reaksi kimia lithium itu sendiri oleh karena itu kembang ev harus iring dengan eksistensi lithium killer untuk madam api dari baterai lithium,0,0.115,0.885,-0.6486,negatif,2,netral
1774,nah hal ini buat indonesia sedang tinggal untuk kejar ekonomi nyata yang sedang naik di dunia,0,0.085,0.915,-0.1027,negatif,2,netral
1776,alas saya jaga anonimitas 1 selain untuk tinjau ke atas juga untuk jaga orangorang dekat yang saya sayang 2 jaga bocor data pribadi di negara yang tidak harga privasi 3 kurang mungkin disalahgunakannya,0,0.068,0.932,-0.2732,negatif,2,netral
1779,untuk atas banjir dan rob kami perintah saat ini sedang laku bangun giant sea walls serta tertib bangunanbangunan liar luas rth dan normalisasi sungaisungai,0,0.239,0.761,-0.7845,negatif,2,netral
1783,padahal saat aku tanya pada mereka bagi tubuh moel mana yang pernah kena popor senjata orba nggak bisa tunjuk malah tantrum eh gitu masih aja dewa kayak juang padahal cuma usak demokrasi dan citacita reformasi,0,0.076,0.924,-0.4215,negatif,2,netral
1791,fotokopi dan cetak dokumen kerja itu wajar usaha global yang apaapa sudah digital dan serba cloud sekalipun tetap butuh hard copy ada dokumendokumen rahasia yang nggak bisa dihandle sembarang orang masuk ob sekalipun,0,0.042,0.958,-0.1027,negatif,2,netral
1813,di negara ini data bocor yang salah tetap rakyat bungkuk no tentu saja busung dada,0,0.136,0.864,-0.296,negatif,2,netral
1814,gibran itu ban serep bocor jadi nggak pakai koreksi kalau saya salah,0,0.247,0.753,-0.5574,negatif,2,netral
1830,nah kan kenapa oknum laku peras cuma mutasi nggak pecat nanti diamdiam naik pangkat lagi nggak bisa rekrut yang amanah polisi hasil suap ya begini jadi,0,0.053,0.947,-0.1027,negatif,2,netral
1834,dari dua hari lalu banyak spam call sampah data mana lagi yang bocor ini anjing,0,0.152,0.848,-0.3612,negatif,2,netral
1855,jaga diri baikbaik bang hatihati para budak jokowi bisa tindak brutal buat ngehentikan abang bagai ahli digital forensik,0,0.194,0.806,-0.6249,negatif,2,netral
1887,salah satu alas politik kenapa wapres gibran rakabuming raka sangat sulit turun dari jabat adalah karena prabowo masih perlu jokowi demi kuat kekuasaannyakata amat,0,0.084,0.916,-0.2732,negatif,2,netral
1888,kerja wapres itu memang harus seperti ini bukan wapres yang hanya jadi ban serep pak prabowo sudah buat bagi tugas yg adil seperti,0,0.141,0.859,-0.5574,negatif,2,netral
1896,untuk atas buzzer di media sosial perlu dekat tingkat literasi digital agar publik bisa nali propaganda terap regulasi ketat tapi imbang dengan bebas dapat dan kuat awas,0,0.071,0.929,-0.25,negatif,2,netral
1926,terima kasih atas tanya dampak negatif dari mandat open source perkomdigi no 62025 bisa liput risiko aman karena kode publik rentan eksploitasi tantang pelihara jika dukung komunitas lemah,0,0.075,0.925,-0.296,negatif,2,netral
1935,bola olahraga kait sama hal politik itu tidak ada korelasi sama hal fifa banned rusia mereka atlet hanya kejar mimpi dan prestasi harus kaca sama olimpiade mereka saja bisa cari jalan keluar,0,0.088,0.912,-0.4588,negatif,2,netral
1937,nah itu serah kamu mau gimana mau nongkrong dan pacar tapi kuliah lancar atau fokus ajar biar nilai tidak jeblok,0,0.069,0.931,-0.1027,negatif,2,netral
1938,no 2 itu buat apa apbn besarbesaran panjang sim dan buat skck masih suruh fotokopi ktp kenapa tidak punya reader untuk ektp,0,0.099,0.901,-0.296,negatif,2,netral
1947,prabowogibran naik samasama gibran mau makzul karena alas putus 90 gibran bisa bareng prabowo karena putus itu akhir prabowo sadar juga kalau calon paslon 02 memang tidak etis lalu hanya gibran yang perlu makzul ya duaduanya lah bodoh,0,0.054,0.946,-0.2732,negatif,2,netral
1972,saya sekarang posisi lagi dekat sama cewek model kayak gitu dia minta tolong juga buat cairin dana spaylater saya dengan alas buat bayar kuliah karena saya jarang pakai shopee dan gak bisa ambil limit di spaylater dia nyaranin pinjam ke teman saya yang ada spaylaternya tapi saya gak mau lah anjing,0,0.04,0.96,-0.2732,negatif,2,netral
1984,nomornomor tai kayak gin bisa stop gak sih anjing ganggu banget memang perintah tai gak bisa jaga privasi sampai data pribadi kaya di peduli lindung aja bisa bocor,0,0.075,0.925,-0.296,negatif,2,netral
2009,mata uang palsu digital guna untuk tarik uang nyata crypto investasi dan proyek hanya jadi alas untuk curi uang dan bebas dari hukum dengan cara buat crypto kenapa harga btc stabil karena milik sudah tidak lagi aktif dan milik uang aman main harga,0,0.048,0.952,-0.2732,negatif,2,netral
2014,itu jelas mengapa masih banyak menteri prabowo dan orang jokowi itu cara panjang kuasa jika 3 periode gagal tawar gibran bagai wakil presiden yang banyak dislike bukti ada banyak operator yang jadi dalang mereka ingin tetap di perintah,0,0.067,0.933,-0.3818,negatif,2,netral
2022,kamu kalau mau ngetweet seperti itu ngaca dulu apakah kamu istri dan anakanakmu tidak makan upf soal demand upf juga yang dorong tinggi minta minyak kelapa sawit,0,0.055,0.945,-0.128,negatif,2,netral
2025,selain dampak dari penetrasi digital dan kurang literasi digital hal utama yang buat wni goda dan jerumus pada jebak scam online adalah kurang lapang kerja dan sumber hidup layak di dalam negeri,0,0.107,0.893,-0.5719,negatif,2,netral
2051,biasa saja datadata bocor yang lama juga sering unggah lagi ke situssitus leak itu penting uu lindung data pribadi,0,0.118,0.882,-0.34,negatif,2,netral
2054,upaya vide et impera zaman kolonial terap di zaman digital oleh kelompok anti maju dengan upaya pecah jokowi prabowo dan gibran,0,0.103,0.897,-0.3182,negatif,2,netral
2109,alas paling gajelas teman saya pilih paslon nomor dua karena dia kagum sosok prabowo tapi langsung lanjut meski saya benci banget sama gibran dan keluarga fakta kata saya mereka itu pasang paket bagaimana coba logika pikir tidak jalan,0,0.054,0.946,-0.2732,negatif,2,netral
2115,oalah memang ada guna telkomsel yang kena spam call nomor tak kenal mungkin dari pinjol data bocor bisa jadi providernya juga yang beri,0,0.102,0.898,-0.3612,negatif,2,netral
2137,sick banget anjing kelas wus padahal di eropa amerika atau nggak usah jauhjauh deh malaysia aja di sana pada concern sama privasi dan data,0,0.125,0.875,-0.5106,negatif,2,netral
2144,emang wakil presiden sebelumsebelumnya peran banyak ya bang konon peran wapres hanya bagai ban serep doang,0,0.194,0.806,-0.5574,negatif,2,netral
2182,perintah komitmen untuk berantas narkoba agar generasi muda tidak racun dengan barang illegal sebut,0,0.217,0.783,-0.5574,negatif,2,netral
2191,makin lihat logika absurd kamu apa hubung nangka milu dengan lebih baikburuknya negara pak prabowo saja waktu temu kepala redaksi media bilang saya akan buka masuk dari mana pun nah ini,0,0.045,0.955,-0.1027,negatif,2,netral
2274,nyata yang telepon pinjol walaupun nggak punya utang bukan cuma aku di tiktok banyak juga yang dapat spam smstelepon karena data pedulilindungi bocor komdigi,0,0.098,0.902,-0.3612,negatif,2,netral
2284,kalau dengar ucap sutiyoso seakanakan doa hal buruk untuk pak prabowo justru kolaborasi prabowogibran itu pas prabowo nasionalis gibran inovatif dan mampu ikut zaman,0,0.125,0.875,-0.5106,negatif,2,netral
2315,tahu nggak yang kamu laku justru kuat fakta bahwa proses dokumentasi yang laku itu kacau dan tidak sesuai sop digitalisasi dokumen fisik dan fakta yang kamu sebut sama sekali tidak ban ada font masa depan situ nyambung nggak sih,0,0.087,0.913,-0.5574,negatif,2,netral
2332,mengapa ilab buat di sektor publik beberapa alas hadap kompleksitas minta warga adaptasi hadap kembang teknologi utama ict butuh efisiensi layan publik dorong reformasi birokrasi dan libat warga,0,0.072,0.928,-0.2732,negatif,2,netral
2354,nah di satu sisi ada kelompok orang jahat yang tolak pancasila dan teriak kilafuck,0,0.097,0.903,-0.1027,negatif,2,netral
2361,1 turun harga butuh dasar sembako didik sehat bbm lpg listrik tol 2 atur saing usaha agar imbang online vs offline modern vs tradisional impor vs lokal 3 fokus pada cipta lapang kerja,0,0.049,0.951,-0.128,negatif,2,netral
2366,kebumen dalam rangka dukung swasembada pangan kasdim 0709kebumen mayor cba mbaehaki hadir sosialisasi serap gabah dan beras tahun 2025 tempat di aula distapang kab kebumen jl ronggowarsito no 298 dk legok kidul ds jago kec jago kab kebumen,0,0.056,0.944,-0.296,negatif,2,netral
2377,sudah bayar pajak hasil dan ada di slip gaji makan dan beli ada tambah biaya pajak di struck saran bayar digital tidak tunai eh kita yang harus lapor lagi pusing isi spt bikin malas harus mereka yang buat lapor uang pajak,0,0.048,0.952,-0.25,negatif,2,netral
2383,sepele atau nyalahin korban tanpa paham mekanisme digital fraud itu bentuk bodoh digital edukasi bukan ejek kalau belum ngerti cara kerja social engineering,0,0.147,0.853,-0.5859,negatif,2,netral
2423,kenapa kok bisa ev bakar lithium itu lebih reaktif ketimbang bensin atau solar nah percik api sedikit saja itu bisa bakar dia lah kamu tusuk saja resiko bakar nah percik api itu asal dari arus pendek atau konsletkonslet sedikit itu cukup buat bakar baterai,0,0.062,0.938,-0.2023,negatif,2,netral
2464,reformasi tni juga sama dengan reformasi polri akan kumpul dukung di seluruh papan kita butuh tentara yang profesional dalam tahan negara bukan mereka yang ingin ikut urus negara problem prabowo punya penting pribadi tapi ini layak coba,0,0.07,0.93,-0.4019,negatif,2,netral
2494,ketawa saja tuduh bagai teroris cara semenamena oleh kuasa indikasi ketidakmampuan kuasa makna hidup demokratis yang dasar adalah bebas tara dan saudara yang harus terusmenerus ribut oleh masyarakat sipil atau biar otoritarianisme tumbuh liar,0,0.091,0.909,-0.5106,negatif,2,netral
2528,perempuan di twitter tiap hari teriak soal tara dan dukung feminisme tapi kemarin ramai juga di menfess saya dan saya baru tahu kalau ban harus ganti sambil tunjuk ban motor yang sudah gundul,0,0.188,0.812,-0.802,negatif,2,netral
2553,begitu sama perempuan anut tara kalau perempuan saleh dan turut harus mulia cara brutal,0,0.24,0.76,-0.6249,negatif,2,netral
2579,jika sepak bola wanita minta tara maka laku mereka dengan tara clean tackle tapi narasi yang bangun brutal tackle its just a charity match padahal tidak ada yang brutal dari bek lakilaki,0.135,0.201,0.663,-0.5719,negatif,3,netral
2589,mungkin aku akan serang karena ini dan benar ini bukan dapat yang tidak populer tapi aku sedih karena sekarang banyak orang guna feminisme bagai alas untuk rendah atau bahkan benci lakilaki adu kuasa bukan lagi cari tara ujungujungnya feminisme malah pandang buruk dan agresif,0,0.047,0.953,-0.2732,negatif,2,netral
2593,mungkin saya memang masih mula tapi yang pasti cara pribadi saya sangat suara tara gender dan anti diskriminasi hadap perempuan itu saja saya paling benci dengan lakilaki malas yang jadi agama bagai alas untuk bermalasmalasan dan rendah perempuan soal ibu saya pernah ada di posisi itu,0,0.091,0.909,-0.5267,negatif,2,netral
2618,sesat tentang patriark padahal yang patriark justru dia sendiri urus motor suruh ayah dengan alas saya perempuan tidak erti kalau dia anut tara harus kerja sendiri tanpa harap lakilaki,0,0.07,0.93,-0.2732,negatif,2,netral
2619,kalo tolak dari banding kultur barat ya beda kita belum anut tara cara fundamental sampai ke akar tradisi dan cara masyarakat cenderung adat timur itu hierarkis dan struktural feudal gitu,0,0.058,0.942,-0.2023,negatif,2,netral
2642,nah itu tahu bang wkwk arti yang bahas tara cabang olahraga itu apa bang salah bang soal tidak ada prestasi sekarang bulutangkis juga lagi parah beberapa tahun ini banyak kompetisi besar yang tidak dapat medali,0,0.04,0.96,-0.1027,negatif,2,netral
2657,itu level jamet kak manipulator kota sering purapura progresif purapura punya trauma purapura ingin bunuh diri purapura prokesetaraan purapura candu literasi purapura anti rezim dan purapura suka kucing beda demografi beda juga dekat manipulasi nya,0,0.134,0.866,-0.6249,negatif,2,netral
2664,ya kita doa moga perintah kait utama kemenpora lebih sadar masalah ini seperti dari dulu belum juga selesai mereka adalah pihak yang paling dekat dengan bapak presiden untuk bahas kembang dan tara di tiap cabang olahraga yang ada,0,0.082,0.918,-0.5106,negatif,2,netral
2686,problem besar indonesia ke depan justru letak pada kesiap struktural dan institusional apakah militer indonesia milik postur sdm dan respons sistem aman yang cukup untuk operasi perangkat sebut sesuai tuju,0,0.085,0.915,-0.4019,negatif,2,netral
2693,alas kenapa indonesia tidak majumaju benar bukan sematamata karena sdm yang rendah jauh lebih rendah dari sdm indonesia yaitu perintah,0,0.1,0.9,-0.2732,negatif,2,netral
2716,sdm indonesia dan sdm brasil rupa milik kualitas yang rendah mudah sekali giring oleh opini liar dan isu hoaks,0,0.155,0.845,-0.5106,negatif,2,netral
2757,heh sdm rendah tolong banyak ajar kasihan anak nanti tidak punya kendali diri contoh kenapa banyak lelaki indonesia tidak punya kendali diri ya karena punya ibu seperti ini,0,0.056,0.944,-0.1531,negatif,2,netral
2765,via tolol cermin sdm indonesia yang tidak suka capai orang lain grup yang salah agens tapi salah orang lain padahal tiap grup itu pasti seperti itu bisa tidak stop protes ke agens saja tidak usah bawabawa orang lain kamu tipe yang tidak mau salah dan suka lempar salah ya,0,0.044,0.956,-0.296,negatif,2,netral
2769,nah ini dia sdm indonesia kita ayo semua bangun saya paham orangorang dengan sdm tinggi seperti ini memang malas main twitter tapi mereka justru rusak lewat twitter jadi ayo kita lawan tentu dengan cara kelas dan tutur kata yang didik seperti ini,0,0.033,0.967,-0.1027,negatif,2,netral
2794,ini alas mengapa mayoritas duduk indonesia milik sdm yang rendah dan primitif masak mereka tidak tahu soal cctv kalau yang bicara masih sangat muda saya maklum tapi masa iya yang komentar itu usia lebih dari bas tahun,0,0.055,0.945,-0.2732,negatif,2,netral
2848,nah maudy itu konsep yang benar bayar utang seperti itu bukan balikin semua biaya yang keluar negara untuk diri pulang ke indonesia bikin usaha lalu serap sdm harus yang dapat beasiswa di kampus indonesia sendiri harus juga seperti ini sih,0,0.035,0.965,-0.1027,negatif,2,netral
2853,jari nya lemes banget ya kalau ga suka biasain di lewat aja atau ga simpen dalam hati sdm begini mau bawa mana nanti bangsa ini indonesia mental bully nya makin ya sekarang,0,0.094,0.906,-0.4939,negatif,2,netral
2859,ini alas mengapa indonesia masih kutat dengan debat agama saat negara lain sedang cari bumi baru karena memang hanya disitusitu aja kualitas sdm indonesia,0,0.084,0.916,-0.2732,negatif,2,netral
2871,orang indonesia banyak sdm rendah mentality crab insecure an jadi mereka selalu cari jelek pada orang yang jauh atas mereka wkwkwkwkwk kocak emang,0,0.113,0.887,-0.4215,negatif,2,netral
2877,pantas indonesia tidak maju sdmnya seperti ini orang sedang bahagia malah doa buruk,0,0.216,0.784,-0.5106,negatif,2,netral
2891,wkwkwk sudah lihat sekali bodoh isi otak hanya hal tidak senonoh kalau lihat lakilaki dan perempuan pasti sudah ke ranah tidak pantas tata bahasa inggris saja tidak benar sungguh malu orang seperti kamu orang seperti kamu itu alas mengapa sdm indonesia rendah,0,0.049,0.951,-0.2732,negatif,2,netral
2911,medan dari dulu memang kenal bodoh dan idiot masyarakat apalagi penuh oleh orang tolol dan guna narkoba di tembung isi manusia sampah semua jadi tidak usah heran jika sdm medan paling rendah indonesia,0,0.093,0.907,-0.5106,negatif,2,netral
2922,nah ini lama guna sosial media itu sdm indonesia ya udh pasti begitu ratarata,0,0.097,0.903,-0.1027,negatif,2,netral
2927,untung sekali sari sekarang ada di prancis di indonesia kucing liar sering anggap hama dan banyak orang tidak waras yang suka sakit padahal di sana juga pasti ada kucing liar moga laku masyarakat indonesia hadap hewan makin baik tapi gilir kritik soal rendah sdm malah marah,0,0.13,0.87,-0.765,negatif,2,netral
2957,jomplang banget ya sdm jepang yang ratarata harga dan hormat dengan sdm indonesia yang isi ratarata songong makimaki aksi brutal dan lainlain moga dalam waktu dekat warga indonesia bisa sikap dewasa seperti ini jika hadap menang atau kalah dalam hal apa pun aamiin,0,0.089,0.911,-0.6249,negatif,2,netral
2961,subjektivitas bias ini kadang suka jadi benar yang dibesarbesarkan padahal soal dasar adalah ekosistem sehat indonesia yang masih butuh baik cara kualitas sdm benar kita malah lebih unggul,0,0.049,0.951,-0.1027,negatif,2,netral
3056,repnya pada bilang nasib jadi wni eh indonesia itu cakepcakep anjir gantung kamu main ke mana dulu stop jelek indonesia kecuali perintah dan manusia sdm rendah soal memang jelek,0,0.073,0.927,-0.296,negatif,2,netral
3067,sdm rendah dan tak moral ini alas mengapa indonesia pantas dapat fufufafa dan kawankawan,0,0.139,0.861,-0.2732,negatif,2,netral
3074,saya selalu doa kelak dapat presiden yang bukan hanya pro ke rakyat saja tetapi bisa cerdas rakyat dengan gagasangagasan terobos yang bisa jadi sdm indonesia ini kembang dan maju bukan hanya sekadar bantu yang alir tetapi didik yang penuh lapang kerja,0,0.076,0.924,-0.5106,negatif,2,netral
3078,dia tanya bahkan hitung sopan sekali orangorang seperti kamu ini yang jadi salah satu alas sdm indonesia semata kaki ada orang mau tambah wawas malah laku seperti ini stres,0,0.07,0.93,-0.2732,negatif,2,netral
3083,olah sampah plastik jadi bbm seperti lalu pirolisis bisa tidak efisien karena beberapa alas pertama proses butuh energi besar untuk panas plastik hingga suhu tinggi sering kali dari sumber tak baru dua kualitas plastik yang variasi,0,0.057,0.943,-0.2732,negatif,2,netral
3124,nah saat indonesia bangkit refinery raksasa juta barel per hari sedang siap energi baru garap indonesia sadar bahwa untuk jadi besar wajib garap sda yang ada bukan terus beli barang jadi dari luar sementara sda mentah jual ke luar dengan harga murah,0,0.033,0.967,-0.1027,negatif,2,netral
3129,dia mau pindah sektor mas pain dari batu bara jadi olah limbah dan energi baru akuisisi usaha olah limbah di singapura sembacorp saya lihat di as usaha olah limbah penya tinggitinggi jadi kalau sekarang toba penya masih rendah saya,0,0.08,0.92,-0.5106,negatif,2,netral
3163,paradox kapitalisme maju guna energi bersih baru di negara kapitalis dunia pertama topang oleh eksploitasi alam negara dunia ke,0,0.072,0.928,-0.1027,negatif,2,netral
3165,terkadang dengan alas aman nasional jadi lebih milih rakayt yang di korban dari pada jabat aparat,0,0.123,0.877,-0.2732,negatif,2,netral
3168,negaranegara lahir dari trauma kolektif yang beri nama bangga nasional genosida sebut stabilisasi jajah sebut cerah bantai sebut tahan kita tidak ajar masa lalu kita ajar alibi,0,0.097,0.903,-0.4215,negatif,2,netral
3176,aman siber adalah hal baru baik kamu kerja bagai dokter insinyur acara dengan gaji tinggi di generasi sekarang ada propaganda bahwa perlu banyak tenaga kerja dalam suatu bidang itu dorong dengan mitos gaji tinggi kalian kalau tidak punya minat dalam bidang ini jangan akan siksa jiwa,0,0.043,0.957,-0.25,negatif,2,netral
3193,oke saya buka saja ya saya kerja di usaha milik negara saya ikut proyek energi baru yang sangat kontribusi buat negara dan manfaat sampai ratus tahun ke depan kamu tahu tidak batu bara kita sudah tip dan cuma cukup untuk beberapa tahun ke depan nah saya libat,0,0.03,0.97,-0.1027,negatif,2,netral
3216,tengok nanti alas dia pakai sebab bocor aman siber rahasia memang sudah bongkar habis ada mungkin amerika serikat akan tarik dukung zionis kalau konflik ini makin panjang,0,0.075,0.925,-0.2732,negatif,2,netral
3227,masih ingat ucap menteri esdm bahlil lahadalia yang bilang batu bara lebih murah dari energi baru nah kita kasih sedikit cek fakta,0,0.062,0.938,-0.1027,negatif,2,netral
3231,trans studio mall cibubur sudah lang lebih jauh keren nah potensi plts yang sangat besar ini untung akan manfaat dalam ruptl di mana akan alami tingkat kapasitas besar di antara energi baru lain dengan total tambah gigawatt,0,0.037,0.963,-0.1027,negatif,2,netral
3234,minyak masih penting buat menang perang atau gerak roda ekonomi pernah dengar analisa warung kopi kalau salah satu alas cina dorong teknologi baterai dan energi baru adalah untuk temu cara perang tanpa guna minyak,0,0.06,0.94,-0.2732,negatif,2,netral
3242,fyi mulyono sudah tau ini sejak lama mungkin itu juga salah satu alas dia pindah ikn ke kalimantan biar dekat dengan sumber energi baru,0.069,0.081,0.849,-0.0772,negatif,3,netral
3261,nah saya punya ide bagaimana kalau doa untuk tahan pangan energi dan ekonomi agar meski kena faktor dari luar tidak terlalu pengaruh kondisi internal indonesia misal ada gejolak geopolitik tapi indonesia bisa tetap kuat di bagai aspek dan tidak pengaruh,0,0.11,0.89,-0.5719,negatif,2,netral
3288,alas food estate tapi apakah ada lapor mana kayu hasil buka lahan hancur dan rebut paksa rumah dan sumber hidup masyarakat adat serta semua habitat satwa liar demi orang kota tentu nama rampok bukan tahan pangan,0,0.137,0.863,-0.6597,negatif,2,netral
3321,mereka sudah intip iran utama mossad sejak tahun lagi shadow war sejak iran pasang niat bangun nuklir dengan kirim malware untuk kumpul data iran mereka sewa intip masuk ke sana pernah mereka kirim cicakchameleon untuk lacak uranium ke iran,0,0.093,0.907,-0.5994,negatif,2,netral
3343,yang mesti di khawatir kan adalah alat tahan itu di guna untuk serang dengan alas yang tidak masuk akal bayang kalau unit di arah kan pada buah negara untuk serang dengan alas umum,0,0.119,0.881,-0.4939,negatif,2,netral
3344,nah saat tentara fokus di tahan negara khusus di batas kurang di jabat sipil tidak penting yang takut ganggu kerja,0,0.069,0.931,-0.1027,negatif,2,netral
3347,patriot produksi hanya sekitar biji tahun dan harus bagi ke banyak negara jepang misal beli patriot tiap tahun sekitar belum lagi untuk ukraine butuh militer amerika sendiri juga jelas tidak sedikit ini problem solok di tahan natous,0,0.07,0.93,-0.4019,negatif,2,netral
3425,nah loh sudah negara diobrakabrik oleh laknatullah lalu selesai begitu saja padahal banyak yang prediksi kalau serang ke israel itu lebih dari hari tahan israel akan bubar bubar karena amunisi mahal habis dan tidak kejar untuk reproduksi,0,0.037,0.963,-0.1027,negatif,2,netral
3432,ya sudah kalau tidak mau lawan agresor ungsi saja kalau saat perang tidak usah ban masih banyak rakyat indonesia yang rela juang sama komponen tahan yang penting jangan ajak orang lain untuk tidak bela negara karena itu langgar hukum ri,0,0.085,0.915,-0.5574,negatif,2,netral
3506,jika tidak ada negara yang komitmen nyata untuk musnah total teknologi senjata nuklir bisa normalisasi semua negara di mana pun itu untuk buat kembang senjata nuklir negara dengan alas yang sama sumber daya tahan nasional,0,0.058,0.942,-0.2732,negatif,2,netral
3514,pada di depan mata mesti negara kita introspeksi diri kita punya apa alutsista saja ada masih korupsi tahan saja tunggu viral baru tindak kasus pagar laut depan mata masa militer tidak ada yang tahu seperti itu kok mau lawan asing atau world war mimpi,0,0.083,0.917,-0.5994,negatif,2,netral
3518,negara di dunia fokus ke tahan dan siap world war kita masih bingung dengan ijazah mulyono sound horeg habib silat korupsi wkwkwkw harus kita sudah bisa saing dengan negaranegara itu tapi nyata ah sudah,0,0.106,0.894,-0.5994,negatif,2,netral
3529,terus mau terjang janji asean tentang tahan regional apa mau cari musuh enak nanti as punya alas hajar indonesia benar bijak indonesia bagai negara nonblok,0,0.08,0.92,-0.2732,negatif,2,netral
3534,nah negara lain sudah siap diri hadap perang dunia indonesia masih sibuk tawar dan jual pulau mana berani cegat kapal induk seperti itu uang habis untuk perlu tidak manfaat mana kuat untuk beli perlu tahan negara hutang saja gilagilaan,0,0.036,0.964,-0.1027,negatif,2,netral
3543,nah ini tahu negara kita miskin riset upgrade teknologi tahan butuh dana yang cukup besar anggar kita masih prioritas untuk sejahtera rakyat pelanpelan bos,0,0.057,0.943,-0.1027,negatif,2,netral
3547,nah ini unik sektor tahan dan aman suatu negara di atas kertas memang usang tapi kita bisa lihat nanti bagaimana lanjut perang antarnegara ini apakah data di atas kertas akan sama atau beda saya yakin iran milik pesawat hipersonik juga,0,0.035,0.965,-0.1027,negatif,2,netral
3565,nah turut komisi i dpr ri bidang tahan republik indonesia kirakira senjata dan alat perang yang cocok beli oleh menhan ri dari negara mana as atau rusia cukup tidak uang bagaimana turut deputi menkeu ri mas anggito pakar ekonomi badan kelola uang haji,0,0.033,0.967,-0.1027,negatif,2,netral
3577,tentara adalah lembaga negara dan sah untuk kritik anda tidak bisa ban fakta dan argumentasi saya lalu manipulatif dengan kata tiputipu dan basabasi tapi itu nyata yang jadi di tahan kita yang tel anggar besar nomor sekian di apbn tahun akhir,0,0.083,0.917,-0.5574,negatif,2,netral
3616,negara kuat seperti cina cukup tembak rudal meriam dari kapal laut dari jarak ribu kilometer tahan anti udara kita masih pakai zaman kuno,0,0.095,0.905,-0.3182,negatif,2,netral
3621,irak dan suriah sudah daulat saat amerika intervensi irak aku bagai negara daulat belum invasi dan suriah tetap daulat meski dalam perang saudara saat intervensi as lawan isis as benar tindak ini bagai tahan diri dan propaganda,0,0.053,0.947,-0.25,negatif,2,netral
3634,memang pernah usul tapi tolak bukan tanpa alas juga negara baru umur jagung langsung buat federasi belanda akan invasi lagi kalau terap telah reformasi mungkin bisa karena tahan negara sudah mumpuni di zaman dulu yang baru bentuk,0,0.055,0.945,-0.2732,negatif,2,netral
3636,kita bisa collapse karena nonblok yang arti tidak punya kawan sistem tahan udara buruk tidak punya tangkal lebih lagi sekarang perang guna rudal jarak jauh kita apit negara yang probarat malaysia singapura filipina australia dan selandia baru dana perang rentan korupsi nanti,0,0.072,0.928,-0.4939,negatif,2,netral
3652,kalau alutsista dan sistem tahan masih ragu memang karena belum tahu tapi mobilisasi dan propaganda saat negara perang itu picu bahaya akhir perang tidak cuma lawan belanda saja tetapi juga ada ronta yang saling buat pasu tumpang tindih kuasa,0,0.05,0.95,-0.25,negatif,2,netral
3659,saya bukan anti tahan tapi saya anti boros kuat negara bukan ukur dari besi di laut tapi stabil rakyat di darat,0,0.195,0.805,-0.5574,negatif,2,netral
3660,template komentar guyon anti modernisasi tahan negara,0,0.277,0.723,-0.3182,negatif,2,netral
3700,saat tahan udara tidak daya suatu negara hanya lame duck atau sitting duck yang jadi bulan serang udara tinggal tunggu waktu untuk hajar habi,0,0.109,0.891,-0.4215,negatif,2,netral
3703,misil balas misil yang dapat pandu dengan akurat apa guna lagi banyak senjata bisa guna untuk tahan udara serang ke tempat yang jauh dan juga untuk serang anti jet tempur atau drone lain ini jika negara muslim pikir canggih dan satu,0,0.054,0.946,-0.3182,negatif,2,netral
3706,habis tanyatanya tentang mampu rudal dan misil negara sebut terus tahan serang udara saya langsung batin tahan doa seperti yang paling bisa harap,0,0.13,0.87,-0.5106,negatif,2,netral
3710,banyak literasi tentang aman nasional tiap negara tempat senjata tahan di batas malah di mukim sipil bodoh dan idiot itu jadi jadi tameng sipil,0,0.125,0.875,-0.5106,negatif,2,netral
3721,benar atau tidak berita lemah tahan negara seperti itu pasti tidak akan konfirmasi karena dapat lemah tahan udara dan rentan serang lebih banyak musuh jika hal semua itu publikasi idiot,0,0.102,0.898,-0.5106,negatif,2,netral
3727,banyak bule warmongers proisrael yang tidak percaya tahan udara tel aviv bisa jebol kena rudalrudal iran mereka salah kalau mereka pikir iran itu bukan negara yang bisa perang sejak zaman dulu iran ini punya budaya tempur yang hebat benar,0,0.091,0.909,-0.5859,negatif,2,netral
3729,coba kamu cari di google tahan iran sama israel beda jauh tolol iran mampu serang negara israel langsung pakai rudal sama nuklir bom atom bisa perang dunia 3 bahkan ekonomi dunia hancur nih benar asli bukan hoax,0,0.057,0.943,-0.2732,negatif,2,netral
3730,nah apalagi jaulani baru saja menang dengan waris kondisi negara yang tidak stabil ekonomi lemah dan sistem tahan bolong sana sini tolong pikir,0,0.06,0.94,-0.1027,negatif,2,netral
3733,banyak hal yang kita ajar dalam jam serang israel ini lumpuh sistem tahan guna kelompok pro sunni atau yang anti rezim syiah bunuh semua komandan dulu supaya rantai komando hilang bawa lari presiden untuk siap serang dua dari luar negara,0,0.056,0.944,-0.3182,negatif,2,netral
3755,teman saya anak hi bilang lama ini palestina yang salah karena kalau palestina tidak mulai duluan tidak ada seperti ini sekarang terus dia juga golput kemarin alas tidur tapi kalau nyoblos dia bakal pilih karena ada jamin tahan negara kata,0,0.051,0.949,-0.2732,negatif,2,netral
3763,meski niat presiden prabowo bela negara dan sadar rakyat penting untuk tahan tapi saran saya diplomasi dalam cipta kawasan dan politik damai tidak boleh libat pihak lain atas alas beli senjata sila beli sesuai mampu ekonomi indonesia tentu rakyat dukung,0,0.051,0.949,-0.2732,negatif,2,netral
3801,ada mitos sebut buat agar anggar tahan dapat korupsi dengan alas seperti di atas dan masuk dalam buku sejarah agar masyarakat tidak tahu zaman dulu perang sudah guna teknologi senjata api sampai nuklir,0,0.062,0.938,-0.2732,negatif,2,netral
3803,tni mesti fokus ke teknologi perang drone dan anti drone jamming gps kapal selam nuklir tahan udara modern dan misil hipersonik,0,0.103,0.897,-0.3182,negatif,2,netral
3825,asli zionis indonesia pada bodoh soal kubah besi kira kubah besi itu teknologi laser yang tolak rudal padahal kubah besi itu cuma nama dari sistem tahan udara anti misil jarak pendek yang cegat pakai rudal juga dan bisa tembus kalau malfungsi atau dominasi tiru,0,0.051,0.949,-0.3182,negatif,2,netral
3868,cara teknologi tentara nasional indonesia kita jauh tinggal misil tahan udara mentok di nasams itu pun sedikit sekali sisa manpads vshorad oh ya ada beberapa tinggal kanon anti udara era perang dingin juga,0,0.067,0.933,-0.3182,negatif,2,netral
3878,siapa yang unggul nah ini tanya besar dasar analisis kuat militer israel tampak milik unggul dalam teknologi dan mampu tahan udara utama dengan sistem iron dome mereka yang kenal namun iran milik jumlah personel,0,0.041,0.959,-0.1027,negatif,2,netral
3892,jadi teknologi tahan rusia sekadar indah kabar dari rupa aku rasa sekarang teknologi cina paling bagus tapi propaganda barat saja yang rendah teknologi cina bukti kita lihat india pakistan perang pesawat rafale yang bangga eropa kalah jet cina yang jauh lebih murah,0,0.047,0.953,-0.25,negatif,2,netral
3924,sektor energi baru di indonesia makin inklusif untuk perempuan dengan program seperti proyek akses yang latih operator plts perempuan namun norma budaya dan bias masih jadi tantang sertifikasi rep dari aee sekitar as mahal untuk ajar alternatif,0,0.037,0.963,-0.1027,negatif,2,netral
3951,kasus ini adalah putus pihak mendagri yang akan jadi preseden buruk hadap upaya pak prabowo kembali percaya rakyat pada perintah soal legalitas adil dan tega hukum apalagi masuk dalam janji helsinki jarak dekat bukan jadi alas,0,0.057,0.943,-0.2732,negatif,2,netral
3965,tolong polisi atau siapa jangan sampai orang tua liar begitu saja kasih dia hukum timpal jujur tidak rela kalau cuma penjara tapi kita ikut prosedur hukum yang ada di negeri ini moga ada adil buat si anak memang bangsat orang tua,0,0.076,0.924,-0.5106,negatif,2,netral
3971,alas kenapa simbol hukum dewi adil mata tutup kain adalah tunjuk ketidakberpihakan saya tidak mau tahu kamu mau lagi kanker atau apa tapi di mata hukum kamu sama beda hanya kamu benar atau salah walau balas saya dengar naif karena konteks hukum di indonesia yang seperti tahi,0,0.044,0.956,-0.2732,negatif,2,netral
3976,tidak ada alas untuk tindak yang nakal masuk hakim itu sendiri sekali nakal hukum mati oke baru imbang sama naik gaji dan rasa adil rakyat,0,0.08,0.92,-0.2732,negatif,2,netral
3997,alhamdulillah andai saya hakim dan gaji naik saya akan malu jika suap malu perkosa adil demi gempal uang dari dakwa saya akan malu rudapaksa benar untuk tutup mata kepada korban ketidakadilan tetapi itu hanya angan kalian saya manusia anti hukum,0,0.056,0.944,-0.3182,negatif,2,netral
4022,benar tidak hanya tega hukum tapi ini adalah problem hukum positif yang kaku dan birokratif adil dan moralitas itu inti sementara birokrasi dan uu itu kulit luar inti begitu,0,0.088,0.912,-0.4019,negatif,2,netral
4075,terus saja putar karena lemah bukti untuk nyata pak tom salah wahai para tegak hukum jika tuntut cari benar dan campak adil maka kalian akan tuntut oleh angkara murka diri kalian sendiri bismillah doa kami iring juang pak tom,0,0.08,0.92,-0.5106,negatif,2,netral
4087,bayang kamu perkosa lalu datang ke kantor polisi dengan sisa berani yang kamu milik harap hukum pihak kepada tapi yang kamu temu bukan adil lain gilir dua oleh oknum di negeri ini korban tidak cari adil tetapi trauma yang lama daur ulang,0,0.064,0.936,-0.4215,negatif,2,netral
4118,siapa pun backingnya bukan alas bagi aparat tegak hukum untuk biar kasus ini gantung jika jaksa,0,0.123,0.877,-0.2732,negatif,2,netral
4146,yang framing justru kamu olah tagar dan suara publik adalah ancam padahal itu satusatunya alarm ketika hukum dan kuasa gagal tegak adil ekologis,0,0.098,0.902,-0.34,negatif,2,netral
4221,hukum bukan panggung drama tapi buat khozinudin provokator tiap pasal jadi properti buat tambah efek tuju bukan adil tapi karakter assassination,0,0.163,0.837,-0.5994,negatif,2,netral
4233,ia tuntut berani politik konsistensi hukum dan pihak institusional jika hukum tak arah pada adil substantif dan ekonomi biar liar tanpa koreksi negara maka pancasila tinggal jargon adil sosial hanya impi,0,0.099,0.901,-0.5106,negatif,2,netral
4299,tegak hukum harus sadar bahwa propaganda ini bukan untuk cari adil tapi untuk cipta kacau makin biar makin besar luka demokrasi kita awas hti,0,0.08,0.92,-0.25,negatif,2,netral
4304,lagilagi yang laku itu aksi fitnah dan propaganda sudah pasti hti itu jelasjelas langgar hukum ayo dong para aparat harus bukti pihak pada adil nya kita juga harus awas hti sama hal yang jadi,0,0.057,0.943,-0.25,negatif,2,netral
4308,kalau aku paksa dengan keras dan hukum bisa beli dengan rp juta lalu adil itu milik siapa oknum seperti ini bukan cuma coreng institusi tapi juga hancur percaya rakyat kami tidak anti polisi kami hanya ingin aparat yang benarbenar,0,0.057,0.943,-0.3182,negatif,2,netral
4312,sangka sudah aku polisi tetapi belum ada yang tahan kalau rakyat biasa baru lapor saja sudah jemput paksa jangan biar hukum cuma tajam ke bawah korban butuh adil bukan alas,0,0.068,0.932,-0.2732,negatif,2,netral
4400,prabowo bilang bahlil tidak guna padahal dia juga yang sambung izin investor yang mudah dorong hilir umkm bisa punya izin usaha hari kelar yang useless siapa benar,0,0.097,0.903,-0.4215,negatif,2,netral
4401,kok bisa gitu ya dengan alas hilir isi bumi indonesia keruk hingga kering untuk penting asing,0,0.123,0.877,-0.2732,negatif,2,netral
4418,banyak akun besar badrun laku hoaks fitnah bullying dan bagai akibat pak jokowi bubar ormas radikalisme kalah pilpres berantas korupsi laku hilir cepat sembuh pak jokowi,0,0.135,0.865,-0.5994,negatif,2,netral
4431,terminologi wahabi pakai untuk semua yang tentang cara pikir mereka kalau alas perintah tambang demi ekonomi mari hitung lagi hilir di sektor agrikultur,0,0.087,0.913,-0.2732,negatif,2,netral
4468,nah bagaimana cek di situs data dagang internasional cina lapor dari sekitar juta ton biji nikel nila juta dolar as impor dari ri tapi di tahun itu kan sudah ngomong hilir dan lapor indonesia tidak sesuai dengan cina,0,0.036,0.964,-0.1027,negatif,2,netral
4501,janji juta kerja nyata kerja hijau hilir fakta phk lapang kerja seret tambang liar tambang di tempat wisata tambang di pulau kecil babat hutan pecah mantu mulyono vs aceh,0,0.105,0.895,-0.5106,negatif,2,netral
4729,degradasi moral dan norma etika adalah sumber hancur suatu generasi demokrasi yang terlalu barbar justru akan jadi bola liar jadi hancur masa depan perlu reevaluasi kena tatanan sosial dan demokrasi dengan tertib dan atur tegas jadi jelas ini bukan autogolpe,0,0.078,0.922,-0.5106,negatif,2,netral
4735,karena amerika datang ke negaranegara muslim di afrika dengan adu domba dan bawa malapetaka dengan alas demokrasi,0,0.116,0.884,-0.2732,negatif,2,netral
4779,belum sindir pdip koreksi dulu partai apakah partai pernah menang milu apakah partai pernah menang calon presiden sampai periode partai kemarin sore soksokan bahas demokrasi kan ketua umum mu saja angkat cara tibatiba,0,0.072,0.928,-0.3612,negatif,2,netral
4786,minim partisipasi publik dalam ambil bijak alih fungsi ruang ilmiah jadi ruang represif dampak negatif sosialakademik intimidasi hadap dosenmahasiswa kritis trauma orde baru dan turun demokrasi kampus lingkung kurang ruang hijau,0,0.085,0.915,-0.4215,negatif,2,netral
4795,ya sudah tidak usah pakai nama republik tidak usah bawa demokrasi lagi stop bawa kita bangsa yang besar tapi guna kami karena kita ini sudah jelas cuma cakup kalian dan penting kalian bajing,0,0.064,0.936,-0.296,negatif,2,netral
4832,ya itu laku untuk semua umkm masuk toko offline dan online tetapi wajib pajak yang patuh sangat sedikit jadi perintah buat atur agar toko online yang omzet lebih dari satu juta rupiah paksa bayar pajak hasil final itu,0,0.039,0.961,-0.128,negatif,2,netral
4861,saya juga tuju yang omset juta tahun suruh bayar pajak itu bukan umkm lagi kalau juta tahun sekarang distributor main besar sudah masuk pasar enak banget omset gede tidak bayar pajak sedang yang offline bingung sudah omset turun pajak tetap jalan,0,0.036,0.964,-0.128,negatif,2,netral
4891,kalau lama ini sudah bayar pajak bagaimana benar atur pph final umkm itu kan sudah dari lama ya memang dari dulu kita bayar pajak besar itu mau jual offline maupun online,0,0.048,0.952,-0.128,negatif,2,netral
