id,label
0,pertahanan
1,harmoni
2,pemerataan
3,sdm
4,reformasi
5,reformasi
6,reformasi
7,ideologi
8,reformasi
9,harmoni
10,reformasi
11,reformasi
12,pertahanan
13,harmoni
14,pemerataan
15,ideologi
16,reformasi
17,sdm
18,reformasi
19,ideologi
20,pekerjaan
21,pemerataan
22,reformasi
23,reformasi
24,pertahanan
25,pertahanan
26,reformasi
27,pekerjaan
28,ideologi
29,reformasi
30,sdm
31,sdm
32,pekerjaan
33,pertahanan
34,reformasi
35,pemerataan
36,reformasi
37,ideologi
38,reformasi
39,ideologi
40,reformasi
41,pemerataan
42,pertahanan
43,reformasi
44,sdm
45,reformasi
46,pertahanan
47,pemerataan
48,ideologi
49,reformasi
50,pekerjaan
51,ideologi
52,pertahanan
53,hilirisasi
54,reformasi
55,pertahanan
56,pertahanan
57,reformasi
58,pertahanan
59,reformasi
60,reformasi
61,pertahanan
62,hilirisasi
63,harmoni
64,reformasi
65,pertahanan
66,reformasi
67,reformasi
68,harmoni
69,pertahanan
70,sdm
71,reformasi
72,reformasi
73,pertahanan
74,harmoni
75,pekerjaan
76,hilirisasi
77,reformasi
78,pertahanan
79,ideologi
80,ideologi
81,pertahanan
82,pertahanan
83,harmoni
84,pertahanan
85,reformasi
86,pekerjaan
87,sdm
88,sdm
89,reformasi
90,pemerataan
91,reformasi
92,reformasi
93,reformasi
94,ideologi
95,ideologi
96,pertahanan
97,pertahanan
98,reformasi
99,hilirisasi
100,pertahanan
101,pemerataan
102,reformasi
103,reformasi
104,harmoni
105,ideologi
106,pertahanan
107,sdm
108,ideologi
109,pekerjaan
110,reformasi
111,hilirisasi
112,hilirisasi
113,pertahanan
114,pertahanan
115,reformasi
116,reformasi
117,pekerjaan
118,pekerjaan
119,pertahanan
120,sdm
121,pertahanan
122,pertahanan
123,reformasi
124,pertahanan
125,reformasi
126,pekerjaan
127,pertahanan
128,sdm
129,sdm
130,pekerjaan
131,ideologi
132,pemerataan
133,sdm
134,hilirisasi
135,pekerjaan
136,reformasi
137,sdm
138,harmoni
139,pertahanan
140,pekerjaan
141,reformasi
142,pekerjaan
143,reformasi
144,reformasi
145,harmoni
146,pekerjaan
147,reformasi
148,sdm
149,ideologi
150,ideologi
151,ideologi
152,ideologi
153,ideologi
154,reformasi
155,pertahanan
156,pekerjaan
157,pertahanan
158,ideologi
159,reformasi
160,reformasi
161,pertahanan
162,harmoni
163,ideologi
164,ideologi
165,harmoni
166,pertahanan
167,pertahanan
168,hilirisasi
169,reformasi
170,ideologi
171,reformasi
172,ideologi
173,pertahanan
174,ideologi
175,reformasi
176,ideologi
177,reformasi
178,reformasi
179,reformasi
180,pertahanan
181,pertahanan
182,pekerjaan
183,sdm
184,pemerataan
185,reformasi
186,reformasi
187,pertahanan
188,reformasi
189,sdm
190,reformasi
191,ideologi
192,reformasi
193,pertahanan
194,reformasi
195,pertahanan
196,reformasi
197,pekerjaan
198,pertahanan
199,harmoni
200,reformasi
201,ideologi
202,pertahanan
203,pekerjaan
204,harmoni
205,reformasi
206,pekerjaan
207,pertahanan
208,ideologi
209,ideologi
210,pekerjaan
211,reformasi
212,ideologi
213,reformasi
214,ideologi
215,pertahanan
216,hilirisasi
217,ideologi
218,sdm
219,reformasi
220,pertahanan
221,ideologi
222,hilirisasi
223,pekerjaan
224,reformasi
225,pertahanan
226,harmoni
227,pertahanan
228,pekerjaan
229,pekerjaan
230,pertahanan
231,ideologi
232,ideologi
233,reformasi
234,pertahanan
235,pertahanan
236,reformasi
237,pemerataan
238,reformasi
239,reformasi
240,ideologi
241,harmoni
242,pertahanan
243,ideologi
244,reformasi
245,ideologi
246,reformasi
247,pertahanan
248,reformasi
249,pertahanan
250,reformasi
251,reformasi
252,pertahanan
253,reformasi
254,reformasi
255,sdm
256,ideologi
257,ideologi
258,pertahanan
259,reformasi
260,ideologi
261,pekerjaan
262,sdm
263,pertahanan
264,pertahanan
265,reformasi
266,pertahanan
267,hilirisasi
268,harmoni
269,pertahanan
270,reformasi
271,ideologi
272,pertahanan
273,ideologi
274,harmoni
275,reformasi
276,sdm
277,harmoni
278,pemerataan
279,pertahanan
280,reformasi
281,pertahanan
282,pertahanan
283,sdm
284,reformasi
285,pekerjaan
286,pertahanan
287,harmoni
288,reformasi
289,reformasi
290,pemerataan
291,reformasi
292,pemerataan
293,reformasi
294,sdm
295,ideologi
296,reformasi
297,pertahanan
298,reformasi
299,reformasi
300,reformasi
301,reformasi
302,reformasi
303,reformasi
304,pertahanan
305,ideologi
306,harmoni
307,pertahanan
308,ideologi
309,hilirisasi
310,reformasi
311,pertahanan
312,reformasi
313,pekerjaan
314,reformasi
315,reformasi
316,pertahanan
317,pertahanan
318,hilirisasi
319,reformasi
320,pertahanan
321,harmoni
322,reformasi
323,reformasi
324,reformasi
325,ideologi
326,reformasi
327,pertahanan
328,reformasi
329,pertahanan
330,pertahanan
331,sdm
332,sdm
333,pertahanan
334,pertahanan
335,reformasi
336,pertahanan
337,pemerataan
338,ideologi
339,sdm
340,sdm
341,reformasi
342,sdm
343,pertahanan
344,pekerjaan
345,harmoni
346,reformasi
347,pekerjaan
348,sdm
349,reformasi
350,pekerjaan
351,reformasi
352,pemerataan
353,hilirisasi
354,pertahanan
355,sdm
356,pekerjaan
357,reformasi
358,reformasi
359,reformasi
360,pekerjaan
361,pertahanan
362,reformasi
363,ideologi
364,reformasi
365,reformasi
366,reformasi
367,pertahanan
368,reformasi
369,pekerjaan
370,reformasi
371,reformasi
372,pekerjaan
373,reformasi
374,ideologi
375,pertahanan
376,reformasi
377,pertahanan
378,pertahanan
379,ideologi
380,pekerjaan
381,reformasi
382,ideologi
383,ideologi
384,pertahanan
385,reformasi
386,sdm
387,ideologi
388,reformasi
389,pekerjaan
390,sdm
391,hilirisasi
392,reformasi
393,pemerataan
394,reformasi
395,pertahanan
396,sdm
397,ideologi
398,ideologi
399,reformasi
400,reformasi
401,reformasi
402,pertahanan
403,harmoni
404,reformasi
405,pemerataan
406,pertahanan
407,hilirisasi
408,sdm
409,reformasi
410,ideologi
411,reformasi
412,reformasi
413,pekerjaan
414,reformasi
415,ideologi
416,hilirisasi
417,harmoni
418,pertahanan
419,pertahanan
420,pertahanan
421,hilirisasi
422,sdm
423,sdm
424,hilirisasi
425,pekerjaan
426,pekerjaan
427,harmoni
428,reformasi
429,pertahanan
430,pertahanan
431,reformasi
432,reformasi
433,ideologi
434,hilirisasi
435,reformasi
436,ideologi
437,pertahanan
438,reformasi
439,pertahanan
440,pertahanan
441,pekerjaan
442,sdm
443,pekerjaan
444,pekerjaan
445,pertahanan
446,reformasi
447,pertahanan
448,ideologi
449,pertahanan
450,reformasi
451,reformasi
452,pertahanan
453,reformasi
454,reformasi
455,ideologi
456,ideologi
457,sdm
458,pertahanan
459,sdm
460,pertahanan
461,pemerataan
462,sdm
463,pekerjaan
464,pertahanan
465,reformasi
466,reformasi
467,pertahanan
468,sdm
469,pertahanan
470,reformasi
471,reformasi
472,reformasi
473,pertahanan
474,pertahanan
475,pekerjaan
476,reformasi
477,pekerjaan
478,sdm
479,ideologi
480,pertahanan
481,pemerataan
482,reformasi
483,ideologi
484,harmoni
485,harmoni
486,ideologi
487,reformasi
488,ideologi
489,sdm
490,reformasi
491,pekerjaan
492,pertahanan
493,harmoni
494,sdm
495,reformasi
496,pertahanan
497,pertahanan
498,hilirisasi
499,reformasi
500,reformasi
501,pertahanan
502,pertahanan
503,reformasi
504,reformasi
505,pekerjaan
506,ideologi
507,reformasi
508,ideologi
509,ideologi
510,sdm
511,reformasi
512,sdm
513,pekerjaan
514,reformasi
515,sdm
516,sdm
517,pemerataan
518,reformasi
519,pemerataan
520,ideologi
521,reformasi
522,reformasi
523,sdm
524,ideologi
525,pemerataan
526,reformasi
527,sdm
528,pertahanan
529,reformasi
530,pertahanan
531,pertahanan
532,pertahanan
533,pekerjaan
534,sdm
535,reformasi
536,reformasi
537,ideologi
538,harmoni
539,reformasi
540,pertahanan
541,harmoni
542,pertahanan
543,reformasi
544,pertahanan
545,pertahanan
546,pertahanan
547,pekerjaan
548,reformasi
549,ideologi
550,pekerjaan
551,harmoni
552,pertahanan
553,hilirisasi
554,reformasi
555,sdm
556,sdm
557,reformasi
558,pertahanan
559,reformasi
560,pemerataan
561,ideologi
562,pertahanan
563,ideologi
564,reformasi
565,reformasi
566,reformasi
567,reformasi
568,ideologi
569,pekerjaan
570,reformasi
571,ideologi
572,reformasi
573,sdm
574,pemerataan
575,reformasi
576,ideologi
577,sdm
578,reformasi
579,pertahanan
580,ideologi
581,reformasi
582,reformasi
583,pemerataan
584,reformasi
585,pertahanan
586,reformasi
587,pertahanan
588,pekerjaan
589,ideologi
590,ideologi
591,pekerjaan
592,pemerataan
593,ideologi
594,pekerjaan
595,ideologi
596,harmoni
597,reformasi
598,sdm
599,pertahanan
600,reformasi
601,harmoni
602,ideologi
603,pertahanan
604,reformasi
605,reformasi
606,reformasi
607,ideologi
608,pemerataan
609,pertahanan
610,ideologi
611,pertahanan
612,reformasi
613,hilirisasi
614,hilirisasi
615,pertahanan
616,reformasi
617,pemerataan
618,harmoni
619,reformasi
620,reformasi
621,reformasi
622,ideologi
623,reformasi
624,pertahanan
625,reformasi
626,pemerataan
627,ideologi
628,ideologi
629,ideologi
630,reformasi
631,hilirisasi
632,ideologi
633,sdm
634,reformasi
635,ideologi
636,sdm
637,pemerataan
638,pemerataan
639,ideologi
640,pertahanan
641,harmoni
642,ideologi
643,ideologi
644,sdm
645,reformasi
646,pertahanan
647,reformasi
648,pertahanan
649,pertahanan
650,reformasi
651,hilirisasi
652,pertahanan
653,reformasi
654,reformasi
655,reformasi
656,reformasi
657,pemerataan
658,pemerataan
659,pertahanan
660,harmoni
661,ideologi
662,harmoni
663,ideologi
664,reformasi
665,ideologi
666,reformasi
667,pertahanan
668,reformasi
669,pemerataan
670,ideologi
671,pertahanan
672,pemerataan
673,sdm
674,pertahanan
675,reformasi
676,pertahanan
677,pekerjaan
678,pertahanan
679,pertahanan
680,reformasi
681,pemerataan
682,ideologi
683,sdm
684,pemerataan
685,reformasi
686,sdm
687,pertahanan
688,pertahanan
689,reformasi
690,reformasi
691,pekerjaan
692,pertahanan
693,harmoni
694,pemerataan
695,reformasi
696,pemerataan
697,pemerataan
698,reformasi
699,pemerataan
700,ideologi
701,reformasi
702,reformasi
703,reformasi
704,pertahanan
705,reformasi
706,ideologi
707,sdm
708,reformasi
709,pekerjaan
710,harmoni
711,pekerjaan
712,reformasi
713,ideologi
714,sdm
715,harmoni
716,ideologi
717,harmoni
718,ideologi
719,pertahanan
720,pemerataan
721,harmoni
722,reformasi
723,pertahanan
724,ideologi
725,pekerjaan
726,pertahanan
727,pekerjaan
728,reformasi
729,reformasi
730,pemerataan
731,ideologi
732,pekerjaan
733,reformasi
734,reformasi
735,ideologi
736,reformasi
737,pertahanan
738,reformasi
739,pertahanan
740,reformasi
741,reformasi
742,ideologi
743,pertahanan
744,reformasi
745,ideologi
746,ideologi
747,sdm
748,reformasi
749,pekerjaan
750,ideologi
751,pertahanan
752,ideologi
753,pertahanan
754,reformasi
755,pekerjaan
756,pekerjaan
757,pemerataan
758,ideologi
759,reformasi
760,reformasi
761,ideologi
762,pertahanan
763,reformasi
764,ideologi
765,pertahanan
766,reformasi
767,reformasi
768,ideologi
769,pertahanan
770,reformasi
771,ideologi
772,reformasi
773,pertahanan
774,reformasi
775,reformasi
776,ideologi
777,reformasi
778,reformasi
779,pertahanan
780,reformasi
781,pertahanan
782,reformasi
783,pertahanan
784,ideologi
785,sdm
786,reformasi
787,reformasi
788,sdm
789,pertahanan
790,ideologi
791,pertahanan
792,hilirisasi
793,reformasi
794,ideologi
795,harmoni
796,pertahanan
797,pertahanan
798,reformasi
799,sdm
800,harmoni
801,pertahanan
802,pertahanan
803,ideologi
804,ideologi
805,reformasi
806,reformasi
807,pertahanan
808,reformasi
809,reformasi
810,reformasi
811,reformasi
812,sdm
813,pekerjaan
814,ideologi
815,ideologi
816,pekerjaan
817,harmoni
818,sdm
819,pertahanan
820,pertahanan
821,sdm
822,pertahanan
823,reformasi
824,pertahanan
825,hilirisasi
826,reformasi
827,hilirisasi
828,reformasi
829,pertahanan
830,reformasi
831,ideologi
832,hilirisasi
833,ideologi
834,reformasi
835,reformasi
836,reformasi
837,reformasi
838,sdm
839,ideologi
840,pertahanan
841,ideologi
842,reformasi
843,reformasi
844,reformasi
845,pertahanan
846,reformasi
847,pekerjaan
848,harmoni
849,harmoni
850,sdm
851,reformasi
852,pekerjaan
853,reformasi
854,pertahanan
855,pekerjaan
856,pekerjaan
857,pemerataan
858,reformasi
859,pertahanan
860,pemerataan
861,harmoni
862,pekerjaan
863,pertahanan
864,reformasi
865,reformasi
866,ideologi
867,hilirisasi
868,ideologi
869,reformasi
870,reformasi
871,pertahanan
872,reformasi
873,harmoni
874,harmoni
875,pertahanan
876,pertahanan
877,reformasi
878,pemerataan
879,reformasi
880,reformasi
881,reformasi
882,ideologi
883,reformasi
884,pekerjaan
885,harmoni
886,ideologi
887,pekerjaan
888,reformasi
889,ideologi
890,ideologi
891,ideologi
892,ideologi
893,sdm
894,pemerataan
895,pekerjaan
896,ideologi
897,ideologi
898,pekerjaan
899,reformasi
900,pekerjaan
901,harmoni
902,reformasi
903,reformasi
904,reformasi
905,ideologi
906,pekerjaan
907,reformasi
908,pemerataan
909,pekerjaan
910,ideologi
911,pekerjaan
912,pertahanan
913,pemerataan
914,ideologi
915,pekerjaan
916,ideologi
917,ideologi
918,hilirisasi
919,hilirisasi
920,ideologi
921,reformasi
922,reformasi
923,sdm
924,sdm
925,pertahanan
926,pekerjaan
927,reformasi
928,pertahanan
929,pertahanan
930,harmoni
931,pertahanan
932,ideologi
933,reformasi
934,ideologi
935,pemerataan
936,reformasi
937,sdm
938,pertahanan
939,pekerjaan
940,reformasi
941,sdm
942,pekerjaan
943,reformasi
944,pertahanan
945,harmoni
946,reformasi
947,reformasi
948,reformasi
949,reformasi
950,ideologi
951,pekerjaan
952,pertahanan
953,ideologi
954,reformasi
955,harmoni
956,pekerjaan
957,reformasi
958,reformasi
959,reformasi
960,pekerjaan
961,harmoni
962,pertahanan
963,reformasi
964,pemerataan
965,hilirisasi
966,ideologi
967,sdm
968,reformasi
969,pertahanan
970,pertahanan
971,hilirisasi
972,sdm
973,sdm
974,reformasi
975,reformasi
976,reformasi
977,harmoni
978,pertahanan
979,ideologi
980,pertahanan
981,sdm
982,pekerjaan
983,pekerjaan
984,reformasi
985,pertahanan
986,reformasi
987,ideologi
988,hilirisasi
989,reformasi
990,ideologi
991,reformasi
992,pertahanan
993,pertahanan
994,ideologi
995,pekerjaan
996,reformasi
997,reformasi
998,pertahanan
999,reformasi
1000,pemerataan
1001,pertahanan
1002,hilirisasi
1003,pertahanan
1004,sdm
1005,pertahanan
1006,pekerjaan
1007,pertahanan
1008,reformasi
1009,pemerataan
1010,reformasi
1011,pertahanan
1012,reformasi
1013,ideologi
1014,reformasi
1015,sdm
1016,reformasi
1017,ideologi
1018,pertahanan
1019,pertahanan
1020,harmoni
1021,ideologi
1022,pekerjaan
1023,reformasi
1024,reformasi
1025,ideologi
1026,pertahanan
1027,sdm
1028,ideologi
1029,reformasi
1030,ideologi
1031,pertahanan
1032,reformasi
1033,harmoni
1034,sdm
1035,pemerataan
1036,harmoni
1037,reformasi
1038,pertahanan
1039,pekerjaan
1040,reformasi
1041,pekerjaan
1042,pekerjaan
1043,pemerataan
1044,pertahanan
1045,harmoni
1046,hilirisasi
1047,reformasi
1048,pemerataan
1049,pekerjaan
1050,ideologi
1051,pertahanan
1052,hilirisasi
1053,pemerataan
1054,pemerataan
1055,pekerjaan
1056,reformasi
1057,pemerataan
1058,hilirisasi
1059,ideologi
1060,pertahanan
1061,pekerjaan
1062,pertahanan
1063,reformasi
1064,pekerjaan
1065,harmoni
1066,ideologi
1067,pertahanan
1068,ideologi
1069,pertahanan
1070,reformasi
1071,reformasi
1072,reformasi
1073,pekerjaan
1074,reformasi
1075,pekerjaan
1076,reformasi
1077,reformasi
1078,pekerjaan
1079,reformasi
1080,ideologi
1081,reformasi
1082,reformasi
1083,pekerjaan
1084,reformasi
1085,ideologi
1086,sdm
1087,sdm
1088,pertahanan
1089,reformasi
1090,pertahanan
1091,sdm
1092,reformasi
1093,reformasi
1094,pertahanan
1095,pekerjaan
1096,reformasi
1097,pertahanan
1098,pertahanan
1099,pekerjaan
1100,reformasi
1101,ideologi
1102,pemerataan
1103,reformasi
1104,reformasi
1105,pertahanan
1106,reformasi
1107,sdm
1108,harmoni
1109,pertahanan
1110,reformasi
1111,pertahanan
1112,pertahanan
1113,pertahanan
1114,hilirisasi
1115,pertahanan
1116,pertahanan
1117,pekerjaan
1118,pekerjaan
1119,hilirisasi
1120,ideologi
1121,reformasi
1122,pemerataan
1123,sdm
1124,hilirisasi
1125,harmoni
1126,pekerjaan
1127,reformasi
1128,reformasi
1129,harmoni
1130,pertahanan
1131,pekerjaan
1132,pertahanan
1133,harmoni
1134,reformasi
1135,reformasi
1136,ideologi
1137,pekerjaan
1138,reformasi
1139,reformasi
1140,reformasi
1141,pemerataan
1142,sdm
1143,reformasi
1144,hilirisasi
1145,reformasi
1146,ideologi
1147,reformasi
1148,pertahanan
1149,pertahanan
1150,pertahanan
1151,pertahanan
1152,reformasi
1153,reformasi
1154,reformasi
1155,sdm
1156,pemerataan
1157,sdm
1158,pekerjaan
1159,reformasi
1160,reformasi
1161,pemerataan
1162,pekerjaan
1163,reformasi
1164,harmoni
1165,pertahanan
1166,reformasi
1167,reformasi
1168,ideologi
1169,pertahanan
1170,pekerjaan
1171,pertahanan
1172,pemerataan
1173,ideologi
1174,sdm
1175,pemerataan
1176,reformasi
1177,hilirisasi
1178,sdm
1179,reformasi
1180,pemerataan
1181,reformasi
1182,harmoni
1183,reformasi
1184,reformasi
1185,pemerataan
1186,pemerataan
1187,reformasi
1188,pertahanan
1189,reformasi
1190,reformasi
1191,ideologi
1192,reformasi
1193,sdm
1194,ideologi
1195,harmoni
1196,pekerjaan
1197,ideologi
1198,ideologi
1199,ideologi
1200,reformasi
1201,reformasi
1202,hilirisasi
1203,sdm
1204,pemerataan
1205,pekerjaan
1206,reformasi
1207,pertahanan
1208,pertahanan
1209,reformasi
1210,reformasi
1211,hilirisasi
1212,harmoni
1213,reformasi
1214,reformasi
1215,pekerjaan
1216,reformasi
1217,harmoni
1218,pemerataan
1219,sdm
1220,reformasi
1221,pertahanan
1222,pertahanan
1223,reformasi
1224,reformasi
1225,ideologi
1226,sdm
1227,sdm
1228,harmoni
1229,reformasi
1230,harmoni
1231,pemerataan
1232,ideologi
1233,harmoni
1234,pertahanan
1235,harmoni
1236,pekerjaan
1237,sdm
1238,sdm
1239,pekerjaan
1240,ideologi
1241,ideologi
1242,reformasi
1243,harmoni
1244,reformasi
1245,ideologi
1246,sdm
1247,reformasi
1248,sdm
1249,pemerataan
1250,pekerjaan
1251,ideologi
1252,reformasi
1253,sdm
1254,pertahanan
1255,harmoni
1256,reformasi
1257,reformasi
1258,pekerjaan
1259,hilirisasi
1260,pertahanan
1261,pertahanan
1262,reformasi
1263,pemerataan
1264,ideologi
1265,hilirisasi
1266,pekerjaan
1267,pertahanan
1268,pertahanan
1269,harmoni
1270,ideologi
1271,reformasi
1272,ideologi
1273,ideologi
1274,reformasi
1275,pertahanan
1276,reformasi
1277,reformasi
1278,reformasi
1279,pertahanan
1280,pertahanan
1281,pertahanan
1282,ideologi
1283,pertahanan
1284,ideologi
1285,pertahanan
1286,sdm
1287,ideologi
1288,reformasi
1289,reformasi
1290,sdm
1291,ideologi
1292,pekerjaan
1293,pekerjaan
1294,pemerataan
1295,reformasi
1296,reformasi
1297,pemerataan
1298,ideologi
1299,pekerjaan
1300,pemerataan
1301,reformasi
1302,pekerjaan
1303,pertahanan
1304,reformasi
1305,pertahanan
1306,harmoni
1307,ideologi
1308,harmoni
1309,sdm
1310,pertahanan
1311,reformasi
1312,reformasi
1313,pemerataan
1314,sdm
1315,pertahanan
1316,reformasi
1317,pemerataan
1318,reformasi
1319,pertahanan
1320,pertahanan
1321,pekerjaan
1322,pertahanan
1323,reformasi
1324,ideologi
1325,sdm
1326,reformasi
1327,pekerjaan
1328,harmoni
1329,reformasi
1330,harmoni
1331,pemerataan
1332,pekerjaan
1333,reformasi
1334,ideologi
1335,reformasi
1336,pekerjaan
1337,sdm
1338,pertahanan
1339,pertahanan
1340,reformasi
1341,pekerjaan
1342,pekerjaan
1343,reformasi
1344,pertahanan
1345,pekerjaan
1346,pertahanan
1347,sdm
1348,ideologi
1349,reformasi
1350,pertahanan
1351,reformasi
1352,pekerjaan
1353,pertahanan
1354,reformasi
1355,pekerjaan
1356,pemerataan
1357,reformasi
1358,sdm
1359,harmoni
1360,reformasi
1361,pemerataan
1362,reformasi
1363,sdm
1364,pemerataan
1365,pemerataan
1366,pekerjaan
1367,pertahanan
1368,ideologi
1369,reformasi
1370,ideologi
1371,reformasi
1372,pertahanan
1373,reformasi
1374,pemerataan
1375,pekerjaan
1376,ideologi
1377,ideologi
1378,pertahanan
1379,ideologi
1380,reformasi
1381,harmoni
1382,pertahanan
1383,pertahanan
1384,pemerataan
1385,pertahanan
1386,pekerjaan
1387,pertahanan
1388,pertahanan
1389,reformasi
1390,pekerjaan
1391,reformasi
1392,harmoni
1393,sdm
1394,reformasi
1395,hilirisasi
1396,pertahanan
1397,harmoni
1398,hilirisasi
1399,pertahanan
1400,reformasi
1401,pemerataan
1402,pekerjaan
1403,harmoni
1404,pertahanan
1405,reformasi
1406,reformasi
1407,pemerataan
1408,reformasi
1409,ideologi
1410,ideologi
1411,ideologi
1412,pekerjaan
1413,pertahanan
1414,pertahanan
1415,pekerjaan
1416,reformasi
1417,pertahanan
1418,reformasi
1419,reformasi
1420,ideologi
1421,pertahanan
1422,pertahanan
1423,pertahanan
1424,ideologi
1425,pertahanan
1426,pekerjaan
1427,reformasi
1428,pekerjaan
1429,ideologi
1430,harmoni
1431,hilirisasi
1432,pertahanan
1433,ideologi
1434,pemerataan
1435,reformasi
1436,pertahanan
1437,reformasi
1438,reformasi
1439,hilirisasi
1440,pertahanan
1441,reformasi
1442,reformasi
1443,ideologi
1444,reformasi
1445,pertahanan
1446,reformasi
1447,reformasi
1448,pekerjaan
1449,ideologi
1450,harmoni
1451,reformasi
1452,reformasi
1453,pekerjaan
1454,pertahanan
1455,reformasi
1456,harmoni
1457,ideologi
1458,ideologi
1459,pertahanan
1460,pertahanan
1461,harmoni
1462,pekerjaan
1463,reformasi
1464,pertahanan
1465,pemerataan
1466,pertahanan
1467,pemerataan
1468,pertahanan
1469,pekerjaan
1470,hilirisasi
1471,ideologi
1472,reformasi
1473,pertahanan
1474,pekerjaan
1475,reformasi
1476,ideologi
1477,ideologi
1478,ideologi
1479,ideologi
1480,reformasi
1481,reformasi
1482,pertahanan
1483,pekerjaan
1484,reformasi
1485,ideologi
1486,reformasi
1487,ideologi
1488,ideologi
1489,pemerataan
1490,pertahanan
1491,ideologi
1492,reformasi
1493,reformasi
1494,reformasi
1495,sdm
1496,ideologi
1497,ideologi
1498,pertahanan
1499,pemerataan
1500,ideologi
1501,reformasi
1502,pemerataan
1503,pertahanan
1504,pekerjaan
1505,harmoni
1506,harmoni
1507,pertahanan
1508,ideologi
1509,reformasi
1510,ideologi
1511,pertahanan
1512,reformasi
1513,reformasi
1514,reformasi
1515,harmoni
1516,reformasi
1517,pekerjaan
1518,reformasi
1519,harmoni
1520,reformasi
1521,ideologi
1522,reformasi
1523,pertahanan
1524,hilirisasi
1525,reformasi
1526,pertahanan
1527,pertahanan
1528,reformasi
1529,pertahanan
1530,sdm
1531,reformasi
1532,hilirisasi
1533,pertahanan
1534,pertahanan
1535,reformasi
1536,pekerjaan
1537,sdm
1538,sdm
1539,reformasi
1540,pertahanan
1541,harmoni
1542,ideologi
1543,reformasi
1544,hilirisasi
1545,reformasi
1546,reformasi
1547,reformasi
1548,pekerjaan
1549,ideologi
1550,pertahanan
1551,pekerjaan
1552,pekerjaan
1553,pertahanan
1554,sdm
1555,hilirisasi
1556,sdm
1557,reformasi
1558,reformasi
1559,pekerjaan
1560,ideologi
1561,pertahanan
1562,pertahanan
1563,pemerataan
1564,harmoni
1565,ideologi
1566,reformasi
1567,pertahanan
1568,ideologi
1569,ideologi
1570,pertahanan
1571,reformasi
1572,sdm
1573,hilirisasi
1574,reformasi
1575,pekerjaan
1576,pertahanan
1577,pertahanan
1578,reformasi
1579,ideologi
1580,pertahanan
1581,pekerjaan
1582,reformasi
1583,hilirisasi
1584,pertahanan
1585,sdm
1586,reformasi
1587,reformasi
1588,ideologi
1589,reformasi
1590,reformasi
1591,pertahanan
1592,reformasi
1593,reformasi
1594,reformasi
1595,pemerataan
1596,sdm
1597,ideologi
1598,ideologi
1599,reformasi
1600,reformasi
1601,harmoni
1602,ideologi
1603,reformasi
1604,reformasi
1605,reformasi
1606,sdm
1607,harmoni
1608,pekerjaan
1609,pekerjaan
1610,harmoni
1611,pertahanan
1612,ideologi
1613,pertahanan
1614,pemerataan
1615,reformasi
1616,pertahanan
1617,reformasi
1618,reformasi
1619,pertahanan
1620,ideologi
1621,sdm
1622,pertahanan
1623,pertahanan
1624,pertahanan
1625,pekerjaan
1626,reformasi
1627,reformasi
1628,pekerjaan
1629,reformasi
1630,ideologi
1631,ideologi
1632,pertahanan
1633,pertahanan
1634,sdm
1635,ideologi
1636,hilirisasi
1637,sdm
1638,sdm
1639,pekerjaan
1640,pekerjaan
1641,pertahanan
1642,reformasi
1643,reformasi
1644,ideologi
1645,reformasi
1646,reformasi
1647,sdm
1648,harmoni
1649,pertahanan
1650,reformasi
1651,sdm
1652,reformasi
1653,reformasi
1654,pekerjaan
1655,reformasi
1656,harmoni
1657,reformasi
1658,reformasi
1659,pertahanan
1660,reformasi
1661,ideologi
1662,hilirisasi
1663,reformasi
1664,pekerjaan
1665,reformasi
1666,sdm
1667,sdm
1668,pertahanan
1669,reformasi
1670,pertahanan
1671,pekerjaan
1672,ideologi
1673,sdm
1674,ideologi
1675,pekerjaan
1676,pekerjaan
1677,pertahanan
1678,harmoni
1679,pertahanan
1680,pekerjaan
1681,pekerjaan
1682,ideologi
1683,reformasi
1684,harmoni
1685,reformasi
1686,harmoni
1687,pertahanan
1688,reformasi
1689,pertahanan
1690,harmoni
1691,reformasi
1692,harmoni
1693,ideologi
1694,harmoni
1695,ideologi
1696,reformasi
1697,hilirisasi
1698,reformasi
1699,reformasi
1700,reformasi
1701,reformasi
1702,ideologi
1703,reformasi
1704,reformasi
1705,harmoni
1706,pemerataan
1707,sdm
1708,harmoni
1709,reformasi
1710,reformasi
1711,reformasi
1712,reformasi
1713,reformasi
1714,pertahanan
1715,pertahanan
1716,ideologi
1717,harmoni
1718,reformasi
1719,reformasi
1720,pertahanan
1721,reformasi
1722,ideologi
1723,pekerjaan
1724,harmoni
1725,sdm
1726,hilirisasi
1727,reformasi
1728,pertahanan
1729,pertahanan
1730,pertahanan
1731,harmoni
1732,harmoni
1733,reformasi
1734,reformasi
1735,reformasi
1736,harmoni
1737,ideologi
1738,reformasi
1739,reformasi
1740,reformasi
1741,sdm
1742,ideologi
1743,hilirisasi
1744,reformasi
1745,reformasi
1746,reformasi
1747,reformasi
1748,pemerataan
1749,ideologi
1750,pekerjaan
1751,reformasi
1752,pertahanan
1753,pertahanan
1754,sdm
1755,sdm
1756,pertahanan
1757,pertahanan
1758,harmoni
1759,pemerataan
1760,reformasi
1761,pekerjaan
1762,sdm
1763,pekerjaan
1764,reformasi
1765,reformasi
1766,reformasi
1767,reformasi
1768,pertahanan
1769,ideologi
1770,pertahanan
1771,pertahanan
1772,ideologi
1773,ideologi
1774,harmoni
1775,ideologi
1776,reformasi
1777,pemerataan
1778,reformasi
1779,harmoni
1780,reformasi
1781,ideologi
1782,reformasi
1783,ideologi
1784,pekerjaan
1785,sdm
1786,harmoni
1787,pemerataan
1788,reformasi
1789,pekerjaan
1790,ideologi
1791,pekerjaan
1792,ideologi
1793,sdm
1794,pekerjaan
1795,pertahanan
1796,pertahanan
1797,sdm
1798,reformasi
1799,harmoni
1800,reformasi
1801,reformasi
1802,ideologi
1803,pemerataan
1804,pertahanan
1805,reformasi
1806,pertahanan
1807,reformasi
1808,ideologi
1809,pemerataan
1810,ideologi
1811,pertahanan
1812,pemerataan
1813,pertahanan
1814,reformasi
1815,reformasi
1816,reformasi
1817,pekerjaan
1818,reformasi
1819,ideologi
1820,reformasi
1821,pemerataan
1822,hilirisasi
1823,pertahanan
1824,reformasi
1825,reformasi
1826,reformasi
1827,reformasi
1828,pertahanan
1829,ideologi
1830,reformasi
1831,reformasi
1832,pertahanan
1833,ideologi
1834,reformasi
1835,reformasi
1836,harmoni
1837,pekerjaan
1838,pertahanan
1839,pertahanan
1840,pemerataan
1841,ideologi
1842,reformasi
1843,harmoni
1844,reformasi
1845,reformasi
1846,ideologi
1847,pekerjaan
1848,sdm
1849,reformasi
1850,sdm
1851,sdm
1852,ideologi
1853,ideologi
1854,ideologi
1855,harmoni
1856,pertahanan
1857,reformasi
1858,reformasi
1859,reformasi
1860,ideologi
1861,pertahanan
1862,reformasi
1863,pemerataan
1864,pertahanan
1865,sdm
1866,reformasi
1867,reformasi
1868,reformasi
1869,reformasi
1870,sdm
1871,sdm
1872,pemerataan
1873,hilirisasi
1874,sdm
1875,sdm
1876,sdm
1877,hilirisasi
1878,reformasi
1879,pekerjaan
1880,harmoni
1881,sdm
1882,ideologi
1883,pekerjaan
1884,pertahanan
1885,pertahanan
1886,reformasi
1887,ideologi
1888,ideologi
1889,pertahanan
1890,reformasi
1891,pekerjaan
1892,pertahanan
1893,reformasi
1894,sdm
1895,pertahanan
1896,ideologi
1897,reformasi
1898,ideologi
1899,reformasi
1900,reformasi
1901,harmoni
1902,pertahanan
1903,pertahanan
1904,ideologi
1905,reformasi
1906,pekerjaan
1907,reformasi
1908,ideologi
1909,harmoni
1910,hilirisasi
1911,pemerataan
1912,pemerataan
1913,ideologi
1914,pertahanan
1915,reformasi
1916,pertahanan
1917,reformasi
1918,ideologi
1919,hilirisasi
1920,sdm
1921,ideologi
1922,ideologi
1923,reformasi
1924,pertahanan
1925,pekerjaan
1926,pertahanan
1927,pemerataan
1928,sdm
1929,pekerjaan
1930,reformasi
1931,harmoni
1932,pemerataan
1933,harmoni
1934,pertahanan
1935,pekerjaan
1936,harmoni
1937,ideologi
1938,harmoni
1939,sdm
1940,reformasi
1941,pertahanan
1942,ideologi
1943,pertahanan
1944,reformasi
1945,reformasi
1946,pekerjaan
1947,pemerataan
1948,harmoni
1949,reformasi
1950,pekerjaan
1951,hilirisasi
1952,pertahanan
1953,reformasi
1954,reformasi
1955,pekerjaan
1956,reformasi
1957,sdm
1958,pertahanan
1959,reformasi
1960,sdm
1961,ideologi
1962,reformasi
1963,pertahanan
1964,reformasi
1965,harmoni
1966,pertahanan
1967,pertahanan
1968,reformasi
1969,reformasi
1970,reformasi
1971,pekerjaan
1972,pekerjaan
1973,pemerataan
1974,pemerataan
1975,pekerjaan
1976,pertahanan
1977,reformasi
1978,pemerataan
1979,pertahanan
1980,reformasi
1981,reformasi
1982,pekerjaan
1983,sdm
1984,reformasi
1985,reformasi
1986,ideologi
1987,harmoni
1988,reformasi
1989,pertahanan
1990,pekerjaan
1991,reformasi
1992,pekerjaan
1993,reformasi
1994,reformasi
1995,reformasi
1996,reformasi
1997,ideologi
1998,reformasi
1999,reformasi
2000,reformasi
2001,ideologi
2002,reformasi
2003,harmoni
2004,pemerataan
2005,pemerataan
2006,ideologi
2007,reformasi
2008,pemerataan
2009,pertahanan
2010,pemerataan
2011,pertahanan
2012,reformasi
2013,pertahanan
2014,ideologi
2015,ideologi
2016,harmoni
2017,reformasi
2018,reformasi
2019,ideologi
2020,reformasi
2021,pertahanan
2022,hilirisasi
2023,harmoni
2024,reformasi
2025,pekerjaan
2026,ideologi
2027,pemerataan
2028,hilirisasi
2029,pertahanan
2030,reformasi
2031,reformasi
2032,pekerjaan
2033,pertahanan
2034,pertahanan
2035,pertahanan
2036,reformasi
2037,reformasi
2038,pemerataan
2039,pertahanan
2040,reformasi
2041,reformasi
2042,ideologi
2043,pertahanan
2044,pertahanan
2045,reformasi
2046,reformasi
2047,sdm
2048,pekerjaan
2049,pekerjaan
2050,pemerataan
2051,reformasi
2052,reformasi
2053,harmoni
2054,pemerataan
2055,pertahanan
2056,reformasi
2057,pemerataan
2058,sdm
2059,reformasi
2060,pemerataan
2061,sdm
2062,reformasi
2063,pertahanan
2064,pekerjaan
2065,pertahanan
2066,sdm
2067,pertahanan
2068,pertahanan
2069,ideologi
2070,pemerataan
2071,ideologi
2072,harmoni
2073,ideologi
2074,reformasi
2075,reformasi
2076,reformasi
2077,ideologi
2078,pekerjaan
2079,sdm
2080,hilirisasi
2081,pertahanan
2082,pemerataan
2083,reformasi
2084,ideologi
2085,pekerjaan
2086,pemerataan
2087,harmoni
2088,pertahanan
2089,reformasi
2090,ideologi
2091,pertahanan
2092,pertahanan
2093,pertahanan
2094,pertahanan
2095,reformasi
2096,reformasi
2097,pemerataan
2098,ideologi
2099,ideologi
2100,ideologi
2101,ideologi
2102,pertahanan
2103,ideologi
2104,sdm
2105,reformasi
2106,pertahanan
2107,pertahanan
2108,pekerjaan
2109,ideologi
2110,ideologi
2111,reformasi
2112,pekerjaan
2113,pekerjaan
2114,ideologi
2115,pertahanan
2116,reformasi
2117,reformasi
2118,reformasi
2119,sdm
2120,reformasi
2121,pertahanan
2122,pekerjaan
2123,reformasi
2124,pekerjaan
2125,reformasi
2126,harmoni
2127,pertahanan
2128,sdm
2129,hilirisasi
2130,reformasi
2131,pekerjaan
2132,hilirisasi
2133,pekerjaan
2134,pemerataan
2135,sdm
2136,reformasi
2137,reformasi
2138,ideologi
2139,pekerjaan
2140,sdm
2141,reformasi
2142,pertahanan
2143,pekerjaan
2144,pertahanan
2145,pertahanan
2146,reformasi
2147,pemerataan
2148,reformasi
2149,pekerjaan
2150,pekerjaan
2151,pertahanan
2152,hilirisasi
2153,hilirisasi
2154,ideologi
2155,pertahanan
2156,pemerataan
2157,reformasi
2158,reformasi
2159,hilirisasi
2160,reformasi
2161,harmoni
2162,reformasi
2163,ideologi
2164,reformasi
2165,reformasi
2166,reformasi
2167,reformasi
2168,hilirisasi
2169,pekerjaan
2170,sdm
2171,reformasi
2172,reformasi
2173,pemerataan
2174,reformasi
2175,pekerjaan
2176,pekerjaan
2177,pemerataan
2178,reformasi
2179,pertahanan
2180,pertahanan
2181,pertahanan
2182,reformasi
2183,reformasi
2184,reformasi
2185,sdm
2186,pertahanan
2187,reformasi
2188,pertahanan
2189,pekerjaan
2190,ideologi
2191,ideologi
2192,pertahanan
2193,hilirisasi
2194,reformasi
2195,hilirisasi
2196,reformasi
2197,pekerjaan
2198,pertahanan
2199,reformasi
2200,reformasi
2201,reformasi
2202,pertahanan
2203,ideologi
2204,reformasi
2205,pekerjaan
2206,harmoni
2207,pertahanan
2208,pertahanan
2209,ideologi
2210,reformasi
2211,harmoni
2212,pemerataan
2213,sdm
2214,ideologi
2215,reformasi
2216,pekerjaan
2217,ideologi
2218,pertahanan
2219,pekerjaan
2220,pertahanan
2221,reformasi
2222,reformasi
2223,ideologi
2224,sdm
2225,pertahanan
2226,pertahanan
2227,hilirisasi
2228,reformasi
2229,reformasi
2230,pertahanan
2231,pemerataan
2232,pertahanan
2233,pekerjaan
2234,ideologi
2235,reformasi
2236,hilirisasi
2237,pertahanan
2238,ideologi
2239,reformasi
2240,sdm
2241,reformasi
2242,reformasi
2243,reformasi
2244,harmoni
2245,reformasi
2246,reformasi
2247,pertahanan
2248,sdm
2249,pertahanan
2250,ideologi
2251,ideologi
2252,pekerjaan
2253,reformasi
2254,reformasi
2255,harmoni
2256,pekerjaan
2257,ideologi
2258,reformasi
2259,reformasi
2260,pertahanan
2261,pekerjaan
2262,reformasi
2263,ideologi
2264,reformasi
2265,reformasi
2266,sdm
2267,reformasi
2268,reformasi
2269,pertahanan
2270,pemerataan
2271,hilirisasi
2272,reformasi
2273,pekerjaan
2274,reformasi
2275,pertahanan
2276,pertahanan
2277,pertahanan
2278,sdm
2279,pekerjaan
2280,pertahanan
2281,sdm
2282,pertahanan
2283,reformasi
2284,pertahanan
2285,reformasi
2286,reformasi
2287,pekerjaan
2288,reformasi
2289,pekerjaan
2290,harmoni
2291,ideologi
2292,ideologi
2293,pertahanan
2294,pertahanan
2295,ideologi
2296,sdm
2297,reformasi
2298,harmoni
2299,reformasi
2300,pertahanan
2301,pertahanan
2302,ideologi
2303,pekerjaan
2304,pertahanan
2305,reformasi
2306,pekerjaan
2307,ideologi
2308,ideologi
2309,reformasi
2310,pemerataan
2311,sdm
2312,reformasi
2313,reformasi
2314,ideologi
2315,ideologi
2316,reformasi
2317,pertahanan
2318,ideologi
2319,pertahanan
2320,hilirisasi
2321,pertahanan
2322,pertahanan
2323,sdm
2324,reformasi
2325,ideologi
2326,sdm
2327,pekerjaan
2328,reformasi
2329,reformasi
2330,reformasi
2331,pertahanan
2332,reformasi
2333,ideologi
2334,ideologi
2335,pekerjaan
2336,reformasi
2337,harmoni
2338,hilirisasi
2339,ideologi
2340,reformasi
2341,hilirisasi
2342,pertahanan
2343,pertahanan
2344,sdm
2345,pertahanan
2346,ideologi
2347,harmoni
2348,pertahanan
2349,pertahanan
2350,pemerataan
2351,sdm
2352,sdm
2353,pemerataan
2354,ideologi
2355,reformasi
2356,reformasi
2357,pekerjaan
2358,pertahanan
2359,pertahanan
2360,reformasi
2361,pekerjaan
2362,reformasi
2363,ideologi
2364,reformasi
2365,pertahanan
2366,pertahanan
2367,pertahanan
2368,reformasi
2369,harmoni
2370,pekerjaan
2371,harmoni
2372,reformasi
2373,reformasi
2374,pertahanan
2375,reformasi
2376,pekerjaan
2377,reformasi
2378,sdm
2379,reformasi
2380,reformasi
2381,pekerjaan
2382,pertahanan
2383,sdm
2384,pertahanan
2385,pertahanan
2386,pertahanan
2387,reformasi
2388,pertahanan
2389,pekerjaan
2390,pertahanan
2391,pekerjaan
2392,ideologi
2393,reformasi
2394,reformasi
2395,sdm
2396,reformasi
2397,pertahanan
2398,reformasi
2399,reformasi
2400,reformasi
2401,ideologi
2402,reformasi
2403,ideologi
2404,sdm
2405,pekerjaan
2406,pertahanan
2407,pertahanan
2408,reformasi
2409,reformasi
2410,hilirisasi
2411,sdm
2412,hilirisasi
2413,reformasi
2414,pemerataan
2415,ideologi
2416,pertahanan
2417,sdm
2418,reformasi
2419,pekerjaan
2420,ideologi
2421,reformasi
2422,pertahanan
2423,pertahanan
2424,ideologi
2425,reformasi
2426,ideologi
2427,ideologi
2428,ideologi
2429,ideologi
2430,ideologi
2431,harmoni
2432,reformasi
2433,pertahanan
2434,pekerjaan
2435,reformasi
2436,reformasi
2437,reformasi
2438,sdm
2439,reformasi
2440,pekerjaan
2441,sdm
2442,ideologi
2443,pertahanan
2444,harmoni
2445,sdm
2446,pertahanan
2447,ideologi
2448,pertahanan
2449,pemerataan
2450,reformasi
2451,hilirisasi
2452,reformasi
2453,ideologi
2454,pertahanan
2455,pertahanan
2456,reformasi
2457,reformasi
2458,sdm
2459,ideologi
2460,ideologi
2461,pertahanan
2462,pertahanan
2463,pekerjaan
2464,reformasi
2465,reformasi
2466,pemerataan
2467,ideologi
2468,harmoni
2469,reformasi
2470,reformasi
2471,reformasi
2472,pertahanan
2473,reformasi
2474,pertahanan
2475,pertahanan
2476,pertahanan
2477,ideologi
2478,pekerjaan
2479,reformasi
2480,harmoni
2481,ideologi
2482,pertahanan
2483,ideologi
2484,sdm
2485,ideologi
2486,harmoni
2487,reformasi
2488,ideologi
2489,ideologi
2490,harmoni
2491,pekerjaan
2492,pemerataan
2493,ideologi
2494,harmoni
2495,ideologi
2496,harmoni
2497,pekerjaan
2498,ideologi
2499,sdm
2500,pekerjaan
2501,reformasi
2502,pertahanan
2503,hilirisasi
2504,reformasi
2505,sdm
2506,sdm
2507,reformasi
2508,ideologi
2509,ideologi
2510,sdm
2511,pertahanan
2512,ideologi
2513,harmoni
2514,pertahanan
2515,sdm
2516,pertahanan
2517,reformasi
2518,ideologi
2519,pertahanan
2520,pekerjaan
2521,reformasi
2522,sdm
2523,pekerjaan
2524,sdm
2525,ideologi
2526,sdm
2527,harmoni
2528,ideologi
2529,ideologi
2530,ideologi
2531,hilirisasi
2532,pertahanan
2533,sdm
2534,reformasi
2535,ideologi
2536,ideologi
2537,sdm
2538,ideologi
2539,pertahanan
2540,ideologi
2541,ideologi
2542,ideologi
2543,pertahanan
2544,pekerjaan
2545,sdm
2546,pertahanan
2547,ideologi
2548,ideologi
2549,reformasi
2550,hilirisasi
2551,ideologi
2552,ideologi
2553,pekerjaan
2554,sdm
2555,reformasi
2556,harmoni
2557,ideologi
2558,reformasi
2559,sdm
2560,ideologi
2561,ideologi
2562,ideologi
2563,pertahanan
2564,ideologi
2565,pertahanan
2566,harmoni
2567,reformasi
2568,sdm
2569,reformasi
2570,hilirisasi
2571,harmoni
2572,reformasi
2573,sdm
2574,ideologi
2575,ideologi
2576,sdm
2577,reformasi
2578,sdm
2579,harmoni
2580,harmoni
2581,harmoni
2582,pertahanan
2583,pemerataan
2584,sdm
2585,sdm
2586,ideologi
2587,reformasi
2588,ideologi
2589,pekerjaan
2590,reformasi
2591,pertahanan
2592,harmoni
2593,ideologi
2594,pertahanan
2595,sdm
2596,ideologi
2597,reformasi
2598,sdm
2599,sdm
2600,sdm
2601,reformasi
2602,sdm
2603,hilirisasi
2604,ideologi
2605,pertahanan
2606,reformasi
2607,reformasi
2608,ideologi
2609,hilirisasi
2610,ideologi
2611,ideologi
2612,reformasi
2613,pertahanan
2614,ideologi
2615,sdm
2616,reformasi
2617,ideologi
2618,reformasi
2619,reformasi
2620,pekerjaan
2621,pekerjaan
2622,ideologi
2623,ideologi
2624,pemerataan
2625,reformasi
2626,harmoni
2627,sdm
2628,pekerjaan
2629,reformasi
2630,ideologi
2631,ideologi
2632,pekerjaan
2633,pekerjaan
2634,reformasi
2635,ideologi
2636,pekerjaan
2637,ideologi
2638,ideologi
2639,sdm
2640,ideologi
2641,pertahanan
2642,sdm
2643,hilirisasi
2644,reformasi
2645,pemerataan
2646,pertahanan
2647,ideologi
2648,pertahanan
2649,ideologi
2650,reformasi
2651,reformasi
2652,pemerataan
2653,ideologi
2654,ideologi
2655,pemerataan
2656,pertahanan
2657,ideologi
2658,pekerjaan
2659,ideologi
2660,pekerjaan
2661,ideologi
2662,pertahanan
2663,sdm
2664,reformasi
2665,harmoni
2666,ideologi
2667,pekerjaan
2668,pertahanan
2669,harmoni
2670,pekerjaan
2671,pekerjaan
2672,reformasi
2673,pertahanan
2674,ideologi
2675,sdm
2676,reformasi
2677,reformasi
2678,pertahanan
2679,sdm
2680,pekerjaan
2681,pertahanan
2682,sdm
2683,pekerjaan
2684,hilirisasi
2685,sdm
2686,pertahanan
2687,pertahanan
2688,pertahanan
2689,sdm
2690,hilirisasi
2691,harmoni
2692,pertahanan
2693,sdm
2694,pemerataan
2695,sdm
2696,hilirisasi
2697,sdm
2698,pertahanan
2699,sdm
2700,pekerjaan
2701,pertahanan
2702,ideologi
2703,hilirisasi
2704,hilirisasi
2705,sdm
2706,sdm
2707,hilirisasi
2708,sdm
2709,sdm
2710,pekerjaan
2711,hilirisasi
2712,hilirisasi
2713,pemerataan
2714,pekerjaan
2715,sdm
2716,sdm
2717,sdm
2718,pertahanan
2719,pertahanan
2720,sdm
2721,pekerjaan
2722,pertahanan
2723,sdm
2724,pekerjaan
2725,hilirisasi
2726,ideologi
2727,sdm
2728,sdm
2729,pertahanan
2730,harmoni
2731,pertahanan
2732,pertahanan
2733,reformasi
2734,hilirisasi
2735,sdm
2736,sdm
2737,ideologi
2738,pertahanan
2739,sdm
2740,pertahanan
2741,pekerjaan
2742,pertahanan
2743,pekerjaan
2744,sdm
2745,pertahanan
2746,harmoni
2747,reformasi
2748,pertahanan
2749,reformasi
2750,pertahanan
2751,pertahanan
2752,sdm
2753,pertahanan
2754,hilirisasi
2755,pekerjaan
2756,reformasi
2757,pertahanan
2758,ideologi
2759,pekerjaan
2760,pekerjaan
2761,ideologi
2762,sdm
2763,sdm
2764,sdm
2765,pertahanan
2766,sdm
2767,pertahanan
2768,pertahanan
2769,pertahanan
2770,hilirisasi
2771,sdm
2772,pertahanan
2773,pertahanan
2774,pekerjaan
2775,pertahanan
2776,sdm
2777,reformasi
2778,sdm
2779,harmoni
2780,pertahanan
2781,pertahanan
2782,ideologi
2783,sdm
2784,pertahanan
2785,sdm
2786,pekerjaan
2787,pertahanan
2788,hilirisasi
2789,sdm
2790,pertahanan
2791,pertahanan
2792,pertahanan
2793,hilirisasi
2794,sdm
2795,pemerataan
2796,pekerjaan
2797,sdm
2798,sdm
2799,pekerjaan
2800,reformasi
2801,hilirisasi
2802,sdm
2803,pekerjaan
2804,sdm
2805,sdm
2806,pertahanan
2807,pertahanan
2808,sdm
2809,sdm
2810,pekerjaan
2811,sdm
2812,pertahanan
2813,pemerataan
2814,sdm
2815,harmoni
2816,sdm
2817,pertahanan
2818,sdm
2819,pekerjaan
2820,sdm
2821,pekerjaan
2822,harmoni
2823,sdm
2824,harmoni
2825,sdm
2826,sdm
2827,harmoni
2828,pertahanan
2829,reformasi
2830,pekerjaan
2831,pemerataan
2832,pertahanan
2833,sdm
2834,pertahanan
2835,sdm
2836,reformasi
2837,ideologi
2838,sdm
2839,pertahanan
2840,hilirisasi
2841,pertahanan
2842,pertahanan
2843,sdm
2844,harmoni
2845,pekerjaan
2846,hilirisasi
2847,pekerjaan
2848,hilirisasi
2849,pertahanan
2850,pertahanan
2851,pemerataan
2852,sdm
2853,pertahanan
2854,pertahanan
2855,sdm
2856,reformasi
2857,reformasi
2858,hilirisasi
2859,harmoni
2860,pertahanan
2861,sdm
2862,sdm
2863,pertahanan
2864,pekerjaan
2865,reformasi
2866,pertahanan
2867,pemerataan
2868,pekerjaan
2869,pekerjaan
2870,pekerjaan
2871,pekerjaan
2872,sdm
2873,sdm
2874,harmoni
2875,pertahanan
2876,sdm
2877,sdm
2878,pekerjaan
2879,sdm
2880,pertahanan
2881,pertahanan
2882,hilirisasi
2883,pertahanan
2884,pekerjaan
2885,pertahanan
2886,hilirisasi
2887,pekerjaan
2888,sdm
2889,hilirisasi
2890,sdm
2891,sdm
2892,pertahanan
2893,pertahanan
2894,reformasi
2895,sdm
2896,pekerjaan
2897,sdm
2898,hilirisasi
2899,reformasi
2900,pekerjaan
2901,pertahanan
2902,pertahanan
2903,pekerjaan
2904,pertahanan
2905,ideologi
2906,pekerjaan
2907,harmoni
2908,pemerataan
2909,harmoni
2910,sdm
2911,sdm
2912,pertahanan
2913,pemerataan
2914,pertahanan
2915,ideologi
2916,harmoni
2917,pertahanan
2918,pekerjaan
2919,harmoni
2920,harmoni
2921,pekerjaan
2922,harmoni
2923,sdm
2924,sdm
2925,hilirisasi
2926,sdm
2927,pertahanan
2928,harmoni
2929,sdm
2930,pertahanan
2931,pekerjaan
2932,sdm
2933,reformasi
2934,hilirisasi
2935,hilirisasi
2936,pertahanan
2937,sdm
2938,pertahanan
2939,harmoni
2940,pertahanan
2941,sdm
2942,hilirisasi
2943,pemerataan
2944,sdm
2945,sdm
2946,pekerjaan
2947,reformasi
2948,pertahanan
2949,sdm
2950,pertahanan
2951,sdm
2952,pekerjaan
2953,sdm
2954,sdm
2955,reformasi
2956,pekerjaan
2957,sdm
2958,pertahanan
2959,pekerjaan
2960,pertahanan
2961,pekerjaan
2962,pertahanan
2963,sdm
2964,pertahanan
2965,hilirisasi
2966,pekerjaan
2967,sdm
2968,sdm
2969,pemerataan
2970,hilirisasi
2971,sdm
2972,hilirisasi
2973,sdm
2974,sdm
2975,pertahanan
2976,pemerataan
2977,pertahanan
2978,sdm
2979,pekerjaan
2980,hilirisasi
2981,reformasi
2982,sdm
2983,pekerjaan
2984,pekerjaan
2985,pekerjaan
2986,pekerjaan
2987,pertahanan
2988,pemerataan
2989,sdm
2990,sdm
2991,hilirisasi
2992,sdm
2993,pertahanan
2994,pekerjaan
2995,ideologi
2996,sdm
2997,sdm
2998,pekerjaan
2999,sdm
3000,sdm
3001,pekerjaan
3002,sdm
3003,pertahanan
3004,sdm
3005,hilirisasi
3006,sdm
3007,hilirisasi
3008,sdm
3009,pertahanan
3010,reformasi
3011,reformasi
3012,hilirisasi
3013,ideologi
3014,sdm
3015,reformasi
3016,sdm
3017,sdm
3018,pekerjaan
3019,pekerjaan
3020,harmoni
3021,sdm
3022,hilirisasi
3023,sdm
3024,hilirisasi
3025,sdm
3026,reformasi
3027,sdm
3028,sdm
3029,hilirisasi
3030,sdm
3031,hilirisasi
3032,hilirisasi
3033,pekerjaan
3034,hilirisasi
3035,pertahanan
3036,pekerjaan
3037,pekerjaan
3038,reformasi
3039,sdm
3040,reformasi
3041,ideologi
3042,pekerjaan
3043,hilirisasi
3044,sdm
3045,sdm
3046,sdm
3047,hilirisasi
3048,sdm
3049,hilirisasi
3050,pertahanan
3051,sdm
3052,pertahanan
3053,sdm
3054,reformasi
3055,sdm
3056,pertahanan
3057,sdm
3058,sdm
3059,harmoni
3060,pekerjaan
3061,pekerjaan
3062,reformasi
3063,pertahanan
3064,ideologi
3065,pertahanan
3066,hilirisasi
3067,pekerjaan
3068,pertahanan
3069,pertahanan
3070,pekerjaan
3071,pekerjaan
3072,sdm
3073,pertahanan
3074,sdm
3075,hilirisasi
3076,hilirisasi
3077,sdm
3078,reformasi
3079,pertahanan
3080,pertahanan
3081,pertahanan
3082,reformasi
3083,sdm
3084,pertahanan
3085,pertahanan
3086,pertahanan
3087,hilirisasi
3088,pertahanan
3089,pertahanan
3090,pertahanan
3091,pertahanan
3092,pertahanan
3093,pertahanan
3094,pertahanan
3095,pertahanan
3096,pertahanan
3097,pertahanan
3098,pertahanan
3099,pertahanan
3100,pertahanan
3101,pertahanan
3102,pertahanan
3103,pertahanan
3104,pertahanan
3105,pertahanan
3106,pertahanan
3107,harmoni
3108,hilirisasi
3109,pertahanan
3110,pertahanan
3111,pertahanan
3112,pertahanan
3113,pertahanan
3114,pemerataan
3115,pertahanan
3116,pertahanan
3117,pertahanan
3118,pertahanan
3119,pertahanan
3120,pertahanan
3121,pertahanan
3122,hilirisasi
3123,pertahanan
3124,pertahanan
3125,pertahanan
3126,pertahanan
3127,pertahanan
3128,pertahanan
3129,pertahanan
3130,pertahanan
3131,pertahanan
3132,pertahanan
3133,pertahanan
3134,pertahanan
3135,pertahanan
3136,pertahanan
3137,pertahanan
3138,pertahanan
3139,pertahanan
3140,pertahanan
3141,pertahanan
3142,pertahanan
3143,pertahanan
3144,pertahanan
3145,pertahanan
3146,pertahanan
3147,pemerataan
3148,reformasi
3149,pertahanan
3150,hilirisasi
3151,pertahanan
3152,sdm
3153,pertahanan
3154,pertahanan
3155,hilirisasi
3156,pertahanan
3157,pertahanan
3158,pertahanan
3159,pertahanan
3160,pertahanan
3161,pertahanan
3162,pertahanan
3163,pertahanan
3164,pertahanan
3165,pertahanan
3166,reformasi
3167,ideologi
3168,pertahanan
3169,pertahanan
3170,pekerjaan
3171,reformasi
3172,ideologi
3173,pertahanan
3174,sdm
3175,pertahanan
3176,pekerjaan
3177,pekerjaan
3178,pekerjaan
3179,pekerjaan
3180,pertahanan
3181,sdm
3182,ideologi
3183,pertahanan
3184,pekerjaan
3185,harmoni
3186,pekerjaan
3187,pertahanan
3188,reformasi
3189,pekerjaan
3190,pekerjaan
3191,pertahanan
3192,pertahanan
3193,pertahanan
3194,pertahanan
3195,pertahanan
3196,pertahanan
3197,pertahanan
3198,pertahanan
3199,pekerjaan
3200,pertahanan
3201,pertahanan
3202,pertahanan
3203,pertahanan
3204,pertahanan
3205,pertahanan
3206,pertahanan
3207,pertahanan
3208,pertahanan
3209,pertahanan
3210,reformasi
3211,reformasi
3212,pertahanan
3213,pertahanan
3214,ideologi
3215,hilirisasi
3216,pertahanan
3217,reformasi
3218,reformasi
3219,pertahanan
3220,pertahanan
3221,pertahanan
3222,pertahanan
3223,pertahanan
3224,pertahanan
3225,pertahanan
3226,pertahanan
3227,pertahanan
3228,pertahanan
3229,pemerataan
3230,pertahanan
3231,pertahanan
3232,pertahanan
3233,pertahanan
3234,pertahanan
3235,pertahanan
3236,pertahanan
3237,pertahanan
3238,pertahanan
3239,pertahanan
3240,pertahanan
3241,pertahanan
3242,pertahanan
3243,pertahanan
3244,pertahanan
3245,pertahanan
3246,ideologi
3247,pertahanan
3248,pertahanan
3249,pertahanan
3250,pertahanan
3251,pertahanan
3252,pertahanan
3253,pertahanan
3254,pertahanan
3255,pertahanan
3256,pertahanan
3257,pertahanan
3258,pertahanan
3259,pertahanan
3260,pertahanan
3261,pertahanan
3262,pertahanan
3263,pertahanan
3264,pertahanan
3265,pertahanan
3266,pertahanan
3267,pertahanan
3268,pertahanan
3269,pertahanan
3270,pertahanan
3271,pertahanan
3272,pertahanan
3273,pertahanan
3274,pertahanan
3275,pertahanan
3276,pertahanan
3277,pertahanan
3278,pertahanan
3279,pertahanan
3280,pertahanan
3281,pertahanan
3282,pertahanan
3283,pertahanan
3284,pertahanan
3285,pemerataan
3286,pertahanan
3287,pertahanan
3288,pemerataan
3289,reformasi
3290,sdm
3291,pertahanan
3292,pertahanan
3293,reformasi
3294,pertahanan
3295,harmoni
3296,pertahanan
3297,pekerjaan
3298,reformasi
3299,pekerjaan
3300,pekerjaan
3301,reformasi
3302,reformasi
3303,pertahanan
3304,pertahanan
3305,pertahanan
3306,reformasi
3307,pertahanan
3308,reformasi
3309,reformasi
3310,pertahanan
3311,ideologi
3312,reformasi
3313,sdm
3314,pekerjaan
3315,reformasi
3316,pertahanan
3317,ideologi
3318,pekerjaan
3319,ideologi
3320,pekerjaan
3321,pertahanan
3322,pertahanan
3323,pertahanan
3324,pertahanan
3325,pertahanan
3326,pertahanan
3327,pertahanan
3328,pertahanan
3329,pertahanan
3330,pertahanan
3331,pertahanan
3332,pertahanan
3333,pertahanan
3334,pertahanan
3335,pertahanan
3336,pertahanan
3337,reformasi
3338,pertahanan
3339,pertahanan
3340,pertahanan
3341,pertahanan
3342,sdm
3343,pertahanan
3344,pekerjaan
3345,pertahanan
3346,pertahanan
3347,pemerataan
3348,pertahanan
3349,pertahanan
3350,reformasi
3351,pertahanan
3352,pemerataan
3353,pertahanan
3354,pertahanan
3355,pertahanan
3356,pertahanan
3357,ideologi
3358,pertahanan
3359,pertahanan
3360,pertahanan
3361,pertahanan
3362,pertahanan
3363,reformasi
3364,pertahanan
3365,pertahanan
3366,pertahanan
3367,pertahanan
3368,pertahanan
3369,ideologi
3370,pertahanan
3371,pertahanan
3372,pemerataan
3373,pertahanan
3374,pertahanan
3375,pertahanan
3376,pertahanan
3377,pertahanan
3378,pertahanan
3379,pertahanan
3380,pertahanan
3381,pertahanan
3382,pertahanan
3383,pekerjaan
3384,pertahanan
3385,pertahanan
3386,pertahanan
3387,ideologi
3388,ideologi
3389,pertahanan
3390,pertahanan
3391,pertahanan
3392,reformasi
3393,ideologi
3394,pertahanan
3395,pekerjaan
3396,pertahanan
3397,pertahanan
3398,pertahanan
3399,pertahanan
3400,pertahanan
3401,pertahanan
3402,pertahanan
3403,pertahanan
3404,pertahanan
3405,pertahanan
3406,reformasi
3407,ideologi
3408,pertahanan
3409,pertahanan
3410,pertahanan
3411,pertahanan
3412,pertahanan
3413,pertahanan
3414,pertahanan
3415,pertahanan
3416,pertahanan
3417,pertahanan
3418,pertahanan
3419,pertahanan
3420,ideologi
3421,reformasi
3422,pertahanan
3423,pertahanan
3424,pertahanan
3425,pertahanan
3426,pertahanan
3427,pertahanan
3428,pertahanan
3429,reformasi
3430,pertahanan
3431,pertahanan
3432,pertahanan
3433,pertahanan
3434,ideologi
3435,pertahanan
3436,pertahanan
3437,pertahanan
3438,pertahanan
3439,pertahanan
3440,pertahanan
3441,pertahanan
3442,pertahanan
3443,ideologi
3444,pertahanan
3445,pertahanan
3446,pertahanan
3447,pertahanan
3448,pertahanan
3449,pertahanan
3450,pertahanan
3451,pertahanan
3452,pertahanan
3453,pertahanan
3454,pertahanan
3455,pertahanan
3456,ideologi
3457,pertahanan
3458,pertahanan
3459,pertahanan
3460,pertahanan
3461,pertahanan
3462,pertahanan
3463,pertahanan
3464,pertahanan
3465,pertahanan
3466,pertahanan
3467,pertahanan
3468,pertahanan
3469,pertahanan
3470,pertahanan
3471,pertahanan
3472,pertahanan
3473,pertahanan
3474,pertahanan
3475,pertahanan
3476,pertahanan
3477,pekerjaan
3478,pertahanan
3479,pertahanan
3480,pertahanan
3481,pertahanan
3482,pertahanan
3483,pertahanan
3484,pertahanan
3485,pertahanan
3486,pertahanan
3487,pertahanan
3488,pertahanan
3489,pertahanan
3490,pertahanan
3491,pertahanan
3492,pertahanan
3493,pertahanan
3494,pertahanan
3495,pertahanan
3496,pertahanan
3497,reformasi
3498,pertahanan
3499,pertahanan
3500,reformasi
3501,pertahanan
3502,pertahanan
3503,pertahanan
3504,pertahanan
3505,pertahanan
3506,pertahanan
3507,ideologi
3508,pertahanan
3509,pertahanan
3510,hilirisasi
3511,pertahanan
3512,pertahanan
3513,pertahanan
3514,pertahanan
3515,pertahanan
3516,pertahanan
3517,pertahanan
3518,pertahanan
3519,pertahanan
3520,pertahanan
3521,pertahanan
3522,pertahanan
3523,pertahanan
3524,pertahanan
3525,pertahanan
3526,pertahanan
3527,pertahanan
3528,pertahanan
3529,pertahanan
3530,ideologi
3531,ideologi
3532,pertahanan
3533,pertahanan
3534,pertahanan
3535,pertahanan
3536,pertahanan
3537,pertahanan
3538,pertahanan
3539,pertahanan
3540,pertahanan
3541,pekerjaan
3542,pertahanan
3543,sdm
3544,pertahanan
3545,pertahanan
3546,hilirisasi
3547,pertahanan
3548,pertahanan
3549,ideologi
3550,ideologi
3551,pertahanan
3552,pertahanan
3553,pertahanan
3554,pertahanan
3555,pertahanan
3556,pertahanan
3557,pertahanan
3558,pertahanan
3559,pertahanan
3560,pertahanan
3561,ideologi
3562,pertahanan
3563,pertahanan
3564,pertahanan
3565,pertahanan
3566,pertahanan
3567,ideologi
3568,pertahanan
3569,pertahanan
3570,pertahanan
3571,sdm
3572,pertahanan
3573,pertahanan
3574,pertahanan
3575,pertahanan
3576,pertahanan
3577,reformasi
3578,pertahanan
3579,pertahanan
3580,pertahanan
3581,harmoni
3582,pertahanan
3583,pertahanan
3584,pertahanan
3585,pertahanan
3586,pertahanan
3587,pertahanan
3588,pertahanan
3589,pertahanan
3590,pertahanan
3591,pertahanan
3592,pertahanan
3593,pertahanan
3594,pertahanan
3595,pertahanan
3596,pertahanan
3597,pertahanan
3598,pertahanan
3599,pertahanan
3600,pertahanan
3601,pertahanan
3602,pertahanan
3603,pertahanan
3604,pertahanan
3605,pertahanan
3606,pertahanan
3607,pertahanan
3608,pertahanan
3609,pertahanan
3610,pertahanan
3611,pertahanan
3612,pertahanan
3613,pertahanan
3614,reformasi
3615,pertahanan
3616,pertahanan
3617,pertahanan
3618,ideologi
3619,pertahanan
3620,pertahanan
3621,pertahanan
3622,pertahanan
3623,pertahanan
3624,pertahanan
3625,pertahanan
3626,pertahanan
3627,pertahanan
3628,pertahanan
3629,pertahanan
3630,reformasi
3631,ideologi
3632,hilirisasi
3633,pertahanan
3634,pertahanan
3635,pertahanan
3636,pertahanan
3637,pertahanan
3638,pertahanan
3639,reformasi
3640,pertahanan
3641,pertahanan
3642,pertahanan
3643,pertahanan
3644,pertahanan
3645,pertahanan
3646,pertahanan
3647,pertahanan
3648,pertahanan
3649,pertahanan
3650,pertahanan
3651,pekerjaan
3652,pertahanan
3653,pekerjaan
3654,pertahanan
3655,pertahanan
3656,pertahanan
3657,pertahanan
3658,pertahanan
3659,pertahanan
3660,pertahanan
3661,pertahanan
3662,pertahanan
3663,pertahanan
3664,pertahanan
3665,sdm
3666,pertahanan
3667,pertahanan
3668,pertahanan
3669,pertahanan
3670,pertahanan
3671,pertahanan
3672,pertahanan
3673,pertahanan
3674,pertahanan
3675,pertahanan
3676,pertahanan
3677,pertahanan
3678,pertahanan
3679,pertahanan
3680,pertahanan
3681,pertahanan
3682,pertahanan
3683,pertahanan
3684,pertahanan
3685,pertahanan
3686,pertahanan
3687,pertahanan
3688,pertahanan
3689,pertahanan
3690,pertahanan
3691,pertahanan
3692,pertahanan
3693,pertahanan
3694,pertahanan
3695,pertahanan
3696,pertahanan
3697,pertahanan
3698,pertahanan
3699,pertahanan
3700,pertahanan
3701,pertahanan
3702,pertahanan
3703,pertahanan
3704,pertahanan
3705,pertahanan
3706,pertahanan
3707,pertahanan
3708,pertahanan
3709,pertahanan
3710,pertahanan
3711,hilirisasi
3712,pertahanan
3713,pertahanan
3714,pertahanan
3715,pertahanan
3716,pertahanan
3717,pertahanan
3718,pertahanan
3719,pertahanan
3720,ideologi
3721,pertahanan
3722,pertahanan
3723,pertahanan
3724,pertahanan
3725,pertahanan
3726,pertahanan
3727,pertahanan
3728,pertahanan
3729,pertahanan
3730,pertahanan
3731,pertahanan
3732,pertahanan
3733,pertahanan
3734,ideologi
3735,pertahanan
3736,pertahanan
3737,pertahanan
3738,pertahanan
3739,pertahanan
3740,pertahanan
3741,pertahanan
3742,pertahanan
3743,reformasi
3744,reformasi
3745,pertahanan
3746,pertahanan
3747,pertahanan
3748,ideologi
3749,pertahanan
3750,pertahanan
3751,sdm
3752,ideologi
3753,ideologi
3754,pertahanan
3755,pertahanan
3756,pertahanan
3757,pertahanan
3758,hilirisasi
3759,pertahanan
3760,pertahanan
3761,pertahanan
3762,harmoni
3763,pertahanan
3764,pertahanan
3765,ideologi
3766,pertahanan
3767,pertahanan
3768,pertahanan
3769,pertahanan
3770,pertahanan
3771,reformasi
3772,pertahanan
3773,pertahanan
3774,pertahanan
3775,pertahanan
3776,pertahanan
3777,pertahanan
3778,pertahanan
3779,pertahanan
3780,pertahanan
3781,pertahanan
3782,pertahanan
3783,pertahanan
3784,pertahanan
3785,pertahanan
3786,pertahanan
3787,pertahanan
3788,pertahanan
3789,pertahanan
3790,pertahanan
3791,pertahanan
3792,pertahanan
3793,pertahanan
3794,pertahanan
3795,pekerjaan
3796,ideologi
3797,sdm
3798,pertahanan
3799,pemerataan
3800,pertahanan
3801,pertahanan
3802,ideologi
3803,pertahanan
3804,ideologi
3805,pertahanan
3806,reformasi
3807,reformasi
3808,pertahanan
3809,pertahanan
3810,pertahanan
3811,pertahanan
3812,pertahanan
3813,pertahanan
3814,pertahanan
3815,pertahanan
3816,pertahanan
3817,pertahanan
3818,reformasi
3819,pertahanan
3820,pertahanan
3821,pertahanan
3822,pertahanan
3823,pertahanan
3824,pertahanan
3825,pertahanan
3826,pertahanan
3827,pertahanan
3828,pertahanan
3829,pertahanan
3830,pertahanan
3831,pertahanan
3832,pertahanan
3833,pertahanan
3834,pertahanan
3835,pertahanan
3836,pertahanan
3837,pertahanan
3838,pertahanan
3839,pertahanan
3840,pertahanan
3841,pertahanan
3842,pertahanan
3843,pertahanan
3844,pertahanan
3845,pertahanan
3846,hilirisasi
3847,pertahanan
3848,pertahanan
3849,pertahanan
3850,pertahanan
3851,pertahanan
3852,pertahanan
3853,pertahanan
3854,pekerjaan
3855,pertahanan
3856,pertahanan
3857,pertahanan
3858,pertahanan
3859,pertahanan
3860,pertahanan
3861,reformasi
3862,pertahanan
3863,pertahanan
3864,pertahanan
3865,pertahanan
3866,pertahanan
3867,pertahanan
3868,pertahanan
3869,pertahanan
3870,pertahanan
3871,pertahanan
3872,pertahanan
3873,pertahanan
3874,pertahanan
3875,pertahanan
3876,pertahanan
3877,pertahanan
3878,pertahanan
3879,pertahanan
3880,pertahanan
3881,pertahanan
3882,pertahanan
3883,pertahanan
3884,pertahanan
3885,pertahanan
3886,pertahanan
3887,pertahanan
3888,reformasi
3889,pertahanan
3890,ideologi
3891,pertahanan
3892,pertahanan
3893,pertahanan
3894,pertahanan
3895,pertahanan
3896,reformasi
3897,ideologi
3898,reformasi
3899,reformasi
3900,pertahanan
3901,reformasi
3902,pertahanan
3903,pertahanan
3904,pertahanan
3905,pertahanan
3906,pertahanan
3907,pertahanan
3908,pertahanan
3909,pertahanan
3910,reformasi
3911,pertahanan
3912,pertahanan
3913,pekerjaan
3914,reformasi
3915,pertahanan
3916,pertahanan
3917,ideologi
3918,pekerjaan
3919,sdm
3920,sdm
3921,reformasi
3922,pekerjaan
3923,pertahanan
3924,pertahanan
3925,pertahanan
3926,pertahanan
3927,pertahanan
3928,pertahanan
3929,pertahanan
3930,pertahanan
3931,pertahanan
3932,pertahanan
3933,pertahanan
3934,pertahanan
3935,pertahanan
3936,pertahanan
3937,pertahanan
3938,pertahanan
3939,pemerataan
3940,pekerjaan
3941,reformasi
3942,reformasi
3943,ideologi
3944,harmoni
3945,reformasi
3946,reformasi
3947,reformasi
3948,ideologi
3949,pekerjaan
3950,reformasi
3951,reformasi
3952,reformasi
3953,reformasi
3954,ideologi
3955,pemerataan
3956,harmoni
3957,reformasi
3958,reformasi
3959,reformasi
3960,reformasi
3961,pertahanan
3962,reformasi
3963,reformasi
3964,reformasi
3965,reformasi
3966,pertahanan
3967,reformasi
3968,pemerataan
3969,reformasi
3970,reformasi
3971,reformasi
3972,reformasi
3973,reformasi
3974,ideologi
3975,reformasi
3976,reformasi
3977,reformasi
3978,harmoni
3979,reformasi
3980,reformasi
3981,reformasi
3982,ideologi
3983,reformasi
3984,reformasi
3985,pertahanan
3986,reformasi
3987,pekerjaan
3988,harmoni
3989,reformasi
3990,pertahanan
3991,reformasi
3992,reformasi
3993,reformasi
3994,reformasi
3995,reformasi
3996,reformasi
3997,harmoni
3998,reformasi
3999,pertahanan
4000,reformasi
4001,reformasi
4002,reformasi
4003,reformasi
4004,reformasi
4005,reformasi
4006,reformasi
4007,reformasi
4008,ideologi
4009,reformasi
4010,reformasi
4011,reformasi
4012,reformasi
4013,ideologi
4014,ideologi
4015,reformasi
4016,reformasi
4017,reformasi
4018,reformasi
4019,ideologi
4020,pertahanan
4021,reformasi
4022,reformasi
4023,reformasi
4024,reformasi
4025,reformasi
4026,pemerataan
4027,reformasi
4028,reformasi
4029,reformasi
4030,reformasi
4031,reformasi
4032,ideologi
4033,reformasi
4034,reformasi
4035,reformasi
4036,reformasi
4037,pertahanan
4038,ideologi
4039,pemerataan
4040,reformasi
4041,reformasi
4042,reformasi
4043,ideologi
4044,reformasi
4045,reformasi
4046,reformasi
4047,reformasi
4048,reformasi
4049,ideologi
4050,pemerataan
4051,reformasi
4052,reformasi
4053,reformasi
4054,reformasi
4055,ideologi
4056,reformasi
4057,reformasi
4058,reformasi
4059,reformasi
4060,reformasi
4061,reformasi
4062,reformasi
4063,ideologi
4064,pemerataan
4065,reformasi
4066,reformasi
4067,reformasi
4068,pemerataan
4069,reformasi
4070,ideologi
4071,reformasi
4072,reformasi
4073,reformasi
4074,reformasi
4075,reformasi
4076,reformasi
4077,harmoni
4078,reformasi
4079,reformasi
4080,reformasi
4081,reformasi
4082,harmoni
4083,pemerataan
4084,pemerataan
4085,reformasi
4086,reformasi
4087,reformasi
4088,reformasi
4089,reformasi
4090,pemerataan
4091,pemerataan
4092,reformasi
4093,reformasi
4094,ideologi
4095,reformasi
4096,reformasi
4097,reformasi
4098,reformasi
4099,reformasi
4100,pertahanan
4101,reformasi
4102,ideologi
4103,reformasi
4104,ideologi
4105,reformasi
4106,pemerataan
4107,reformasi
4108,ideologi
4109,reformasi
4110,reformasi
4111,reformasi
4112,hilirisasi
4113,ideologi
4114,ideologi
4115,ideologi
4116,reformasi
4117,ideologi
4118,reformasi
4119,reformasi
4120,reformasi
4121,sdm
4122,ideologi
4123,reformasi
4124,reformasi
4125,reformasi
4126,reformasi
4127,reformasi
4128,reformasi
4129,pemerataan
4130,ideologi
4131,reformasi
4132,reformasi
4133,reformasi
4134,reformasi
4135,reformasi
4136,reformasi
4137,reformasi
4138,reformasi
4139,reformasi
4140,harmoni
4141,pemerataan
4142,reformasi
4143,ideologi
4144,ideologi
4145,pertahanan
4146,ideologi
4147,pemerataan
4148,reformasi
4149,reformasi
4150,reformasi
4151,reformasi
4152,ideologi
4153,reformasi
4154,pemerataan
4155,ideologi
4156,reformasi
4157,reformasi
4158,pemerataan
4159,reformasi
4160,reformasi
4161,harmoni
4162,reformasi
4163,reformasi
4164,ideologi
4165,reformasi
4166,reformasi
4167,reformasi
4168,reformasi
4169,reformasi
4170,reformasi
4171,reformasi
4172,ideologi
4173,reformasi
4174,reformasi
4175,reformasi
4176,reformasi
4177,reformasi
4178,reformasi
4179,pertahanan
4180,reformasi
4181,reformasi
4182,pemerataan
4183,reformasi
4184,reformasi
4185,reformasi
4186,reformasi
4187,ideologi
4188,reformasi
4189,ideologi
4190,reformasi
4191,reformasi
4192,reformasi
4193,reformasi
4194,reformasi
4195,reformasi
4196,pemerataan
4197,ideologi
4198,pemerataan
4199,reformasi
4200,reformasi
4201,ideologi
4202,reformasi
4203,reformasi
4204,reformasi
4205,pemerataan
4206,reformasi
4207,reformasi
4208,ideologi
4209,reformasi
4210,reformasi
4211,reformasi
4212,reformasi
4213,reformasi
4214,ideologi
4215,ideologi
4216,reformasi
4217,reformasi
4218,ideologi
4219,pemerataan
4220,reformasi
4221,reformasi
4222,pemerataan
4223,reformasi
4224,reformasi
4225,ideologi
4226,reformasi
4227,ideologi
4228,pertahanan
4229,reformasi
4230,ideologi
4231,reformasi
4232,reformasi
4233,reformasi
4234,reformasi
4235,reformasi
4236,ideologi
4237,reformasi
4238,reformasi
4239,reformasi
4240,reformasi
4241,reformasi
4242,reformasi
4243,reformasi
4244,reformasi
4245,pertahanan
4246,reformasi
4247,pertahanan
4248,reformasi
4249,pekerjaan
4250,reformasi
4251,ideologi
4252,harmoni
4253,ideologi
4254,harmoni
4255,reformasi
4256,ideologi
4257,ideologi
4258,ideologi
4259,reformasi
4260,ideologi
4261,ideologi
4262,reformasi
4263,reformasi
4264,reformasi
4265,reformasi
4266,ideologi
4267,reformasi
4268,reformasi
4269,reformasi
4270,reformasi
4271,reformasi
4272,reformasi
4273,pertahanan
4274,reformasi
4275,reformasi
4276,reformasi
4277,reformasi
4278,reformasi
4279,ideologi
4280,pemerataan
4281,reformasi
4282,pertahanan
4283,reformasi
4284,reformasi
4285,ideologi
4286,reformasi
4287,ideologi
4288,reformasi
4289,reformasi
4290,reformasi
4291,reformasi
4292,reformasi
4293,reformasi
4294,sdm
4295,reformasi
4296,reformasi
4297,pemerataan
4298,reformasi
4299,reformasi
4300,reformasi
4301,reformasi
4302,reformasi
4303,reformasi
4304,reformasi
4305,ideologi
4306,ideologi
4307,reformasi
4308,reformasi
4309,ideologi
4310,reformasi
4311,reformasi
4312,reformasi
4313,ideologi
4314,reformasi
4315,reformasi
4316,pertahanan
4317,pemerataan
4318,reformasi
4319,reformasi
4320,pekerjaan
4321,ideologi
4322,pekerjaan
4323,pemerataan
4324,ideologi
4325,sdm
4326,ideologi
4327,pertahanan
4328,reformasi
4329,harmoni
4330,reformasi
4331,reformasi
4332,reformasi
4333,reformasi
4334,harmoni
4335,pertahanan
4336,reformasi
4337,sdm
4338,reformasi
4339,pertahanan
4340,pekerjaan
4341,pertahanan
4342,hilirisasi
4343,pekerjaan
4344,sdm
4345,pertahanan
4346,reformasi
4347,reformasi
4348,ideologi
4349,pekerjaan
4350,reformasi
4351,sdm
4352,reformasi
4353,pertahanan
4354,reformasi
4355,reformasi
4356,pemerataan
4357,pertahanan
4358,hilirisasi
4359,pekerjaan
4360,reformasi
4361,pekerjaan
4362,ideologi
4363,pertahanan
4364,pemerataan
4365,pekerjaan
4366,pekerjaan
4367,hilirisasi
4368,sdm
4369,sdm
4370,pertahanan
4371,ideologi
4372,pertahanan
4373,harmoni
4374,hilirisasi
4375,reformasi
4376,hilirisasi
4377,pertahanan
4378,sdm
4379,reformasi
4380,reformasi
4381,reformasi
4382,reformasi
4383,pemerataan
4384,reformasi
4385,hilirisasi
4386,pemerataan
4387,reformasi
4388,pemerataan
4389,pekerjaan
4390,ideologi
4391,pemerataan
4392,sdm
4393,sdm
4394,pekerjaan
4395,pertahanan
4396,pertahanan
4397,reformasi
4398,reformasi
4399,hilirisasi
4400,reformasi
4401,reformasi
4402,reformasi
4403,hilirisasi
4404,hilirisasi
4405,reformasi
4406,sdm
4407,reformasi
4408,pekerjaan
4409,reformasi
4410,reformasi
4411,pertahanan
4412,reformasi
4413,ideologi
4414,pertahanan
4415,ideologi
4416,ideologi
4417,hilirisasi
4418,ideologi
4419,pekerjaan
4420,reformasi
4421,hilirisasi
4422,pekerjaan
4423,ideologi
4424,ideologi
4425,reformasi
4426,pekerjaan
4427,reformasi
4428,pertahanan
4429,reformasi
4430,reformasi
4431,reformasi
4432,ideologi
4433,pemerataan
4434,pertahanan
4435,hilirisasi
4436,pemerataan
4437,pertahanan
4438,reformasi
4439,pemerataan
4440,reformasi
4441,pertahanan
4442,ideologi
4443,hilirisasi
4444,reformasi
4445,reformasi
4446,ideologi
4447,pemerataan
4448,reformasi
4449,pertahanan
4450,reformasi
4451,hilirisasi
4452,pertahanan
4453,harmoni
4454,reformasi
4455,harmoni
4456,reformasi
4457,pertahanan
4458,pertahanan
4459,reformasi
4460,reformasi
4461,ideologi
4462,ideologi
4463,reformasi
4464,reformasi
4465,pertahanan
4466,reformasi
4467,sdm
4468,pertahanan
4469,reformasi
4470,pemerataan
4471,pemerataan
4472,pertahanan
4473,harmoni
4474,reformasi
4475,pekerjaan
4476,sdm
4477,pertahanan
4478,pertahanan
4479,reformasi
4480,hilirisasi
4481,pertahanan
4482,pertahanan
4483,reformasi
4484,pemerataan
4485,reformasi
4486,ideologi
4487,sdm
4488,reformasi
4489,reformasi
4490,reformasi
4491,pertahanan
4492,reformasi
4493,reformasi
4494,reformasi
4495,hilirisasi
4496,reformasi
4497,hilirisasi
4498,pertahanan
4499,pertahanan
4500,pertahanan
4501,pekerjaan
4502,pekerjaan
4503,pertahanan
4504,reformasi
4505,pemerataan
4506,sdm
4507,reformasi
4508,hilirisasi
4509,hilirisasi
4510,pertahanan
4511,pertahanan
4512,harmoni
4513,pertahanan
4514,reformasi
4515,ideologi
4516,ideologi
4517,ideologi
4518,ideologi
4519,ideologi
4520,ideologi
4521,ideologi
4522,ideologi
4523,ideologi
4524,ideologi
4525,ideologi
4526,ideologi
4527,ideologi
4528,ideologi
4529,ideologi
4530,ideologi
4531,ideologi
4532,ideologi
4533,ideologi
4534,ideologi
4535,ideologi
4536,ideologi
4537,ideologi
4538,ideologi
4539,ideologi
4540,ideologi
4541,ideologi
4542,ideologi
4543,ideologi
4544,ideologi
4545,ideologi
4546,ideologi
4547,ideologi
4548,ideologi
4549,ideologi
4550,ideologi
4551,ideologi
4552,reformasi
4553,ideologi
4554,ideologi
4555,ideologi
4556,ideologi
4557,ideologi
4558,ideologi
4559,ideologi
4560,ideologi
4561,ideologi
4562,ideologi
4563,ideologi
4564,ideologi
4565,ideologi
4566,ideologi
4567,ideologi
4568,ideologi
4569,ideologi
4570,ideologi
4571,ideologi
4572,ideologi
4573,ideologi
4574,ideologi
4575,ideologi
4576,ideologi
4577,ideologi
4578,ideologi
4579,ideologi
4580,ideologi
4581,ideologi
4582,ideologi
4583,ideologi
4584,ideologi
4585,ideologi
4586,ideologi
4587,ideologi
4588,ideologi
4589,harmoni
4590,ideologi
4591,harmoni
4592,harmoni
4593,pekerjaan
4594,ideologi
4595,ideologi
4596,ideologi
4597,ideologi
4598,ideologi
4599,ideologi
4600,pemerataan
4601,ideologi
4602,ideologi
4603,ideologi
4604,ideologi
4605,ideologi
4606,pertahanan
4607,ideologi
4608,ideologi
4609,ideologi
4610,hilirisasi
4611,reformasi
4612,reformasi
4613,ideologi
4614,pertahanan
4615,ideologi
4616,ideologi
4617,ideologi
4618,ideologi
4619,ideologi
4620,ideologi
4621,ideologi
4622,pemerataan
4623,reformasi
4624,ideologi
4625,ideologi
4626,ideologi
4627,ideologi
4628,ideologi
4629,ideologi
4630,ideologi
4631,ideologi
4632,ideologi
4633,reformasi
4634,ideologi
4635,ideologi
4636,ideologi
4637,ideologi
4638,reformasi
4639,ideologi
4640,ideologi
4641,reformasi
4642,reformasi
4643,ideologi
4644,ideologi
4645,ideologi
4646,ideologi
4647,sdm
4648,ideologi
4649,ideologi
4650,ideologi
4651,ideologi
4652,reformasi
4653,ideologi
4654,ideologi
4655,ideologi
4656,ideologi
4657,ideologi
4658,pekerjaan
4659,ideologi
4660,ideologi
4661,ideologi
4662,reformasi
4663,ideologi
4664,ideologi
4665,pekerjaan
4666,ideologi
4667,harmoni
4668,reformasi
4669,ideologi
4670,ideologi
4671,ideologi
4672,ideologi
4673,ideologi
4674,ideologi
4675,ideologi
4676,ideologi
4677,ideologi
4678,reformasi
4679,ideologi
4680,reformasi
4681,reformasi
4682,reformasi
4683,ideologi
4684,ideologi
4685,ideologi
4686,reformasi
4687,ideologi
4688,ideologi
4689,reformasi
4690,ideologi
4691,ideologi
4692,reformasi
4693,ideologi
4694,ideologi
4695,ideologi
4696,reformasi
4697,ideologi
4698,reformasi
4699,ideologi
4700,ideologi
4701,ideologi
4702,ideologi
4703,pemerataan
4704,ideologi
4705,pemerataan
4706,ideologi
4707,ideologi
4708,ideologi
4709,ideologi
4710,ideologi
4711,ideologi
4712,ideologi
4713,ideologi
4714,ideologi
4715,ideologi
4716,ideologi
4717,ideologi
4718,reformasi
4719,ideologi
4720,ideologi
4721,ideologi
4722,ideologi
4723,ideologi
4724,ideologi
4725,ideologi
4726,ideologi
4727,ideologi
4728,ideologi
4729,ideologi
4730,ideologi
4731,ideologi
4732,ideologi
4733,ideologi
4734,ideologi
4735,harmoni
4736,ideologi
4737,ideologi
4738,ideologi
4739,ideologi
4740,ideologi
4741,ideologi
4742,ideologi
4743,ideologi
4744,pertahanan
4745,ideologi
4746,ideologi
4747,ideologi
4748,ideologi
4749,ideologi
4750,ideologi
4751,ideologi
4752,ideologi
4753,ideologi
4754,ideologi
4755,ideologi
4756,pertahanan
4757,ideologi
4758,ideologi
4759,ideologi
4760,ideologi
4761,reformasi
4762,ideologi
4763,ideologi
4764,harmoni
4765,reformasi
4766,ideologi
4767,reformasi
4768,pemerataan
4769,ideologi
4770,ideologi
4771,ideologi
4772,reformasi
4773,ideologi
4774,ideologi
4775,ideologi
4776,ideologi
4777,ideologi
4778,ideologi
4779,ideologi
4780,ideologi
4781,ideologi
4782,ideologi
4783,ideologi
4784,ideologi
4785,pekerjaan
4786,pertahanan
4787,ideologi
4788,ideologi
4789,ideologi
4790,ideologi
4791,ideologi
4792,ideologi
4793,ideologi
4794,ideologi
4795,pertahanan
4796,ideologi
4797,reformasi
4798,ideologi
4799,pertahanan
4800,ideologi
4801,ideologi
4802,reformasi
4803,sdm
4804,ideologi
4805,ideologi
4806,reformasi
4807,ideologi
4808,reformasi
4809,ideologi
4810,ideologi
4811,ideologi
4812,ideologi
4813,ideologi
4814,ideologi
4815,ideologi
4816,ideologi
4817,ideologi
4818,ideologi
4819,ideologi
4820,ideologi
4821,ideologi
4822,ideologi
4823,reformasi
4824,ideologi
4825,ideologi
4826,ideologi
4827,ideologi
4828,ideologi
4829,pekerjaan
4830,pertahanan
4831,pertahanan
4832,pekerjaan
4833,pemerataan
4834,pekerjaan
4835,pekerjaan
4836,pekerjaan
4837,pekerjaan
4838,sdm
4839,pekerjaan
4840,pekerjaan
4841,pekerjaan
4842,pekerjaan
4843,reformasi
4844,pekerjaan
4845,hilirisasi
4846,pekerjaan
4847,pekerjaan
4848,pekerjaan
4849,pekerjaan
4850,hilirisasi
4851,pekerjaan
4852,pekerjaan
4853,pekerjaan
4854,pemerataan
4855,pemerataan
4856,pekerjaan
4857,pemerataan
4858,pekerjaan
4859,pekerjaan
4860,pemerataan
4861,pekerjaan
4862,pekerjaan
4863,pekerjaan
4864,pekerjaan
4865,pekerjaan
4866,pekerjaan
4867,pekerjaan
4868,pekerjaan
4869,pekerjaan
4870,pekerjaan
4871,pekerjaan
4872,pekerjaan
4873,pekerjaan
4874,pekerjaan
4875,pekerjaan
4876,pekerjaan
4877,pekerjaan
4878,pemerataan
4879,pekerjaan
4880,pemerataan
4881,pemerataan
4882,pekerjaan
4883,reformasi
4884,pemerataan
4885,pemerataan
4886,pekerjaan
4887,pekerjaan
4888,pekerjaan
4889,pekerjaan
4890,pekerjaan
4891,pekerjaan
4892,pekerjaan
4893,pekerjaan
4894,pekerjaan
4895,pekerjaan
4896,pemerataan
4897,pekerjaan
4898,pekerjaan
4899,pekerjaan
4900,pekerjaan
4901,pekerjaan
4902,pekerjaan
4903,pemerataan
4904,pekerjaan
4905,pemerataan
4906,pemerataan
4907,sdm
4908,pekerjaan
4909,sdm
4910,pemerataan
4911,pertahanan
4912,pekerjaan
4913,pekerjaan
4914,pekerjaan
4915,pekerjaan
4916,ideologi
4917,sdm
4918,pekerjaan
4919,pekerjaan
4920,pertahanan
4921,pertahanan
4922,pekerjaan
4923,pertahanan
4924,sdm
4925,pekerjaan
4926,ideologi
4927,reformasi
4928,pekerjaan
4929,reformasi
4930,pekerjaan
4931,pekerjaan
4932,reformasi
4933,reformasi
4934,pertahanan
4935,reformasi
4936,pekerjaan
4937,pekerjaan
4938,pekerjaan
4939,pekerjaan
4940,pertahanan
4941,pertahanan
4942,hilirisasi
4943,reformasi
4944,pekerjaan
4945,pekerjaan
4946,reformasi
4947,pekerjaan
4948,pekerjaan
4949,pertahanan
4950,pekerjaan
4951,pekerjaan
4952,sdm
4953,sdm
4954,pekerjaan
4955,pekerjaan
4956,pertahanan
4957,pekerjaan
4958,sdm
4959,pekerjaan
4960,hilirisasi
4961,sdm
4962,reformasi
4963,pekerjaan
4964,pertahanan
4965,reformasi
4966,sdm
4967,pekerjaan
4968,reformasi
4969,pekerjaan
4970,pekerjaan
4971,pekerjaan
4972,harmoni
4973,pekerjaan
4974,pekerjaan
4975,pekerjaan
4976,sdm
4977,sdm
4978,sdm
4979,pekerjaan
4980,pekerjaan
4981,sdm
4982,reformasi
4983,sdm
4984,pekerjaan
4985,pekerjaan
4986,reformasi
4987,pekerjaan
4988,sdm
4989,pekerjaan
4990,pekerjaan
4991,pekerjaan
4992,pekerjaan
4993,pekerjaan
4994,pekerjaan
4995,pekerjaan
4996,reformasi
4997,sdm
4998,sdm
4999,hilirisasi
